QAM16/QAM16-14dB-1.jpg,0
QAM16/QAM16-14dB-10.jpg,0
QAM16/QAM16-14dB-11.jpg,0
QAM16/QAM16-14dB-12.jpg,0
QAM16/QAM16-14dB-13.jpg,0
QAM16/QAM16-14dB-14.jpg,0
QAM16/QAM16-14dB-15.jpg,0
QAM16/QAM16-14dB-16.jpg,0
QAM16/QAM16-14dB-17.jpg,0
QAM16/QAM16-14dB-18.jpg,0
QAM16/QAM16-14dB-19.jpg,0
QAM16/QAM16-14dB-2.jpg,0
QAM16/QAM16-14dB-20.jpg,0
QAM16/QAM16-14dB-21.jpg,0
QAM16/QAM16-14dB-22.jpg,0
QAM16/QAM16-14dB-23.jpg,0
QAM16/QAM16-14dB-24.jpg,0
QAM16/QAM16-14dB-25.jpg,0
QAM16/QAM16-14dB-26.jpg,0
QAM16/QAM16-14dB-27.jpg,0
QAM16/QAM16-14dB-28.jpg,0
QAM16/QAM16-14dB-29.jpg,0
QAM16/QAM16-14dB-3.jpg,0
QAM16/QAM16-14dB-30.jpg,0
QAM16/QAM16-14dB-31.jpg,0
QAM16/QAM16-14dB-32.jpg,0
QAM16/QAM16-14dB-33.jpg,0
QAM16/QAM16-14dB-34.jpg,0
QAM16/QAM16-14dB-35.jpg,0
QAM16/QAM16-14dB-36.jpg,0
QAM16/QAM16-14dB-37.jpg,0
QAM16/QAM16-14dB-38.jpg,0
QAM16/QAM16-14dB-39.jpg,0
QAM16/QAM16-14dB-4.jpg,0
QAM16/QAM16-14dB-40.jpg,0
QAM16/QAM16-14dB-41.jpg,0
QAM16/QAM16-14dB-42.jpg,0
QAM16/QAM16-14dB-43.jpg,0
QAM16/QAM16-14dB-44.jpg,0
QAM16/QAM16-14dB-45.jpg,0
QAM16/QAM16-14dB-46.jpg,0
QAM16/QAM16-14dB-47.jpg,0
QAM16/QAM16-14dB-48.jpg,0
QAM16/QAM16-14dB-49.jpg,0
QAM16/QAM16-14dB-5.jpg,0
QAM16/QAM16-14dB-50.jpg,0
QAM16/QAM16-14dB-51.jpg,0
QAM16/QAM16-14dB-52.jpg,0
QAM16/QAM16-14dB-53.jpg,0
QAM16/QAM16-14dB-54.jpg,0
QAM16/QAM16-14dB-55.jpg,0
QAM16/QAM16-14dB-56.jpg,0
QAM16/QAM16-14dB-57.jpg,0
QAM16/QAM16-14dB-58.jpg,0
QAM16/QAM16-14dB-59.jpg,0
QAM16/QAM16-14dB-6.jpg,0
QAM16/QAM16-14dB-60.jpg,0
QAM16/QAM16-14dB-61.jpg,0
QAM16/QAM16-14dB-62.jpg,0
QAM16/QAM16-14dB-63.jpg,0
QAM16/QAM16-14dB-64.jpg,0
QAM16/QAM16-14dB-65.jpg,0
QAM16/QAM16-14dB-66.jpg,0
QAM16/QAM16-14dB-67.jpg,0
QAM16/QAM16-14dB-68.jpg,0
QAM16/QAM16-14dB-69.jpg,0
QAM16/QAM16-14dB-7.jpg,0
QAM16/QAM16-14dB-70.jpg,0
QAM16/QAM16-14dB-71.jpg,0
QAM16/QAM16-14dB-72.jpg,0
QAM16/QAM16-14dB-73.jpg,0
QAM16/QAM16-14dB-74.jpg,0
QAM16/QAM16-14dB-75.jpg,0
QAM16/QAM16-14dB-8.jpg,0
QAM16/QAM16-14dB-9.jpg,0
QAM16/QAM16-15dB-1.jpg,0
QAM16/QAM16-15dB-10.jpg,0
QAM16/QAM16-15dB-11.jpg,0
QAM16/QAM16-15dB-12.jpg,0
QAM16/QAM16-15dB-13.jpg,0
QAM16/QAM16-15dB-14.jpg,0
QAM16/QAM16-15dB-15.jpg,0
QAM16/QAM16-15dB-16.jpg,0
QAM16/QAM16-15dB-17.jpg,0
QAM16/QAM16-15dB-18.jpg,0
QAM16/QAM16-15dB-19.jpg,0
QAM16/QAM16-15dB-2.jpg,0
QAM16/QAM16-15dB-20.jpg,0
QAM16/QAM16-15dB-21.jpg,0
QAM16/QAM16-15dB-22.jpg,0
QAM16/QAM16-15dB-23.jpg,0
QAM16/QAM16-15dB-24.jpg,0
QAM16/QAM16-15dB-25.jpg,0
QAM16/QAM16-15dB-26.jpg,0
QAM16/QAM16-15dB-27.jpg,0
QAM16/QAM16-15dB-28.jpg,0
QAM16/QAM16-15dB-29.jpg,0
QAM16/QAM16-15dB-3.jpg,0
QAM16/QAM16-15dB-30.jpg,0
QAM16/QAM16-15dB-31.jpg,0
QAM16/QAM16-15dB-32.jpg,0
QAM16/QAM16-15dB-33.jpg,0
QAM16/QAM16-15dB-34.jpg,0
QAM16/QAM16-15dB-35.jpg,0
QAM16/QAM16-15dB-36.jpg,0
QAM16/QAM16-15dB-37.jpg,0
QAM16/QAM16-15dB-38.jpg,0
QAM16/QAM16-15dB-39.jpg,0
QAM16/QAM16-15dB-4.jpg,0
QAM16/QAM16-15dB-40.jpg,0
QAM16/QAM16-15dB-41.jpg,0
QAM16/QAM16-15dB-42.jpg,0
QAM16/QAM16-15dB-43.jpg,0
QAM16/QAM16-15dB-44.jpg,0
QAM16/QAM16-15dB-45.jpg,0
QAM16/QAM16-15dB-46.jpg,0
QAM16/QAM16-15dB-47.jpg,0
QAM16/QAM16-15dB-48.jpg,0
QAM16/QAM16-15dB-49.jpg,0
QAM16/QAM16-15dB-5.jpg,0
QAM16/QAM16-15dB-50.jpg,0
QAM16/QAM16-15dB-51.jpg,0
QAM16/QAM16-15dB-52.jpg,0
QAM16/QAM16-15dB-53.jpg,0
QAM16/QAM16-15dB-54.jpg,0
QAM16/QAM16-15dB-55.jpg,0
QAM16/QAM16-15dB-56.jpg,0
QAM16/QAM16-15dB-57.jpg,0
QAM16/QAM16-15dB-58.jpg,0
QAM16/QAM16-15dB-59.jpg,0
QAM16/QAM16-15dB-6.jpg,0
QAM16/QAM16-15dB-60.jpg,0
QAM16/QAM16-15dB-61.jpg,0
QAM16/QAM16-15dB-62.jpg,0
QAM16/QAM16-15dB-63.jpg,0
QAM16/QAM16-15dB-64.jpg,0
QAM16/QAM16-15dB-65.jpg,0
QAM16/QAM16-15dB-66.jpg,0
QAM16/QAM16-15dB-67.jpg,0
QAM16/QAM16-15dB-68.jpg,0
QAM16/QAM16-15dB-69.jpg,0
QAM16/QAM16-15dB-7.jpg,0
QAM16/QAM16-15dB-70.jpg,0
QAM16/QAM16-15dB-71.jpg,0
QAM16/QAM16-15dB-72.jpg,0
QAM16/QAM16-15dB-73.jpg,0
QAM16/QAM16-15dB-74.jpg,0
QAM16/QAM16-15dB-75.jpg,0
QAM16/QAM16-15dB-8.jpg,0
QAM16/QAM16-15dB-9.jpg,0
QAM16/QAM16-16dB-1.jpg,0
QAM16/QAM16-16dB-10.jpg,0
QAM16/QAM16-16dB-11.jpg,0
QAM16/QAM16-16dB-12.jpg,0
QAM16/QAM16-16dB-13.jpg,0
QAM16/QAM16-16dB-14.jpg,0
QAM16/QAM16-16dB-15.jpg,0
QAM16/QAM16-16dB-16.jpg,0
QAM16/QAM16-16dB-17.jpg,0
QAM16/QAM16-16dB-18.jpg,0
QAM16/QAM16-16dB-19.jpg,0
QAM16/QAM16-16dB-2.jpg,0
QAM16/QAM16-16dB-20.jpg,0
QAM16/QAM16-16dB-21.jpg,0
QAM16/QAM16-16dB-22.jpg,0
QAM16/QAM16-16dB-23.jpg,0
QAM16/QAM16-16dB-24.jpg,0
QAM16/QAM16-16dB-25.jpg,0
QAM16/QAM16-16dB-26.jpg,0
QAM16/QAM16-16dB-27.jpg,0
QAM16/QAM16-16dB-28.jpg,0
QAM16/QAM16-16dB-29.jpg,0
QAM16/QAM16-16dB-3.jpg,0
QAM16/QAM16-16dB-30.jpg,0
QAM16/QAM16-16dB-31.jpg,0
QAM16/QAM16-16dB-32.jpg,0
QAM16/QAM16-16dB-33.jpg,0
QAM16/QAM16-16dB-34.jpg,0
QAM16/QAM16-16dB-35.jpg,0
QAM16/QAM16-16dB-36.jpg,0
QAM16/QAM16-16dB-37.jpg,0
QAM16/QAM16-16dB-38.jpg,0
QAM16/QAM16-16dB-39.jpg,0
QAM16/QAM16-16dB-4.jpg,0
QAM16/QAM16-16dB-40.jpg,0
QAM16/QAM16-16dB-41.jpg,0
QAM16/QAM16-16dB-42.jpg,0
QAM16/QAM16-16dB-43.jpg,0
QAM16/QAM16-16dB-44.jpg,0
QAM16/QAM16-16dB-45.jpg,0
QAM16/QAM16-16dB-46.jpg,0
QAM16/QAM16-16dB-47.jpg,0
QAM16/QAM16-16dB-48.jpg,0
QAM16/QAM16-16dB-49.jpg,0
QAM16/QAM16-16dB-5.jpg,0
QAM16/QAM16-16dB-50.jpg,0
QAM16/QAM16-16dB-51.jpg,0
QAM16/QAM16-16dB-52.jpg,0
QAM16/QAM16-16dB-53.jpg,0
QAM16/QAM16-16dB-54.jpg,0
QAM16/QAM16-16dB-55.jpg,0
QAM16/QAM16-16dB-56.jpg,0
QAM16/QAM16-16dB-57.jpg,0
QAM16/QAM16-16dB-58.jpg,0
QAM16/QAM16-16dB-59.jpg,0
QAM16/QAM16-16dB-6.jpg,0
QAM16/QAM16-16dB-60.jpg,0
QAM16/QAM16-16dB-61.jpg,0
QAM16/QAM16-16dB-62.jpg,0
QAM16/QAM16-16dB-63.jpg,0
QAM16/QAM16-16dB-64.jpg,0
QAM16/QAM16-16dB-65.jpg,0
QAM16/QAM16-16dB-66.jpg,0
QAM16/QAM16-16dB-67.jpg,0
QAM16/QAM16-16dB-68.jpg,0
QAM16/QAM16-16dB-69.jpg,0
QAM16/QAM16-16dB-7.jpg,0
QAM16/QAM16-16dB-70.jpg,0
QAM16/QAM16-16dB-71.jpg,0
QAM16/QAM16-16dB-72.jpg,0
QAM16/QAM16-16dB-73.jpg,0
QAM16/QAM16-16dB-74.jpg,0
QAM16/QAM16-16dB-75.jpg,0
QAM16/QAM16-16dB-8.jpg,0
QAM16/QAM16-16dB-9.jpg,0
QAM16/QAM16-17dB-1.jpg,0
QAM16/QAM16-17dB-10.jpg,0
QAM16/QAM16-17dB-11.jpg,0
QAM16/QAM16-17dB-12.jpg,0
QAM16/QAM16-17dB-13.jpg,0
QAM16/QAM16-17dB-14.jpg,0
QAM16/QAM16-17dB-15.jpg,0
QAM16/QAM16-17dB-16.jpg,0
QAM16/QAM16-17dB-17.jpg,0
QAM16/QAM16-17dB-18.jpg,0
QAM16/QAM16-17dB-19.jpg,0
QAM16/QAM16-17dB-2.jpg,0
QAM16/QAM16-17dB-20.jpg,0
QAM16/QAM16-17dB-21.jpg,0
QAM16/QAM16-17dB-22.jpg,0
QAM16/QAM16-17dB-23.jpg,0
QAM16/QAM16-17dB-24.jpg,0
QAM16/QAM16-17dB-25.jpg,0
QAM16/QAM16-17dB-26.jpg,0
QAM16/QAM16-17dB-27.jpg,0
QAM16/QAM16-17dB-28.jpg,0
QAM16/QAM16-17dB-29.jpg,0
QAM16/QAM16-17dB-3.jpg,0
QAM16/QAM16-17dB-30.jpg,0
QAM16/QAM16-17dB-31.jpg,0
QAM16/QAM16-17dB-32.jpg,0
QAM16/QAM16-17dB-33.jpg,0
QAM16/QAM16-17dB-34.jpg,0
QAM16/QAM16-17dB-35.jpg,0
QAM16/QAM16-17dB-36.jpg,0
QAM16/QAM16-17dB-37.jpg,0
QAM16/QAM16-17dB-38.jpg,0
QAM16/QAM16-17dB-39.jpg,0
QAM16/QAM16-17dB-4.jpg,0
QAM16/QAM16-17dB-40.jpg,0
QAM16/QAM16-17dB-41.jpg,0
QAM16/QAM16-17dB-42.jpg,0
QAM16/QAM16-17dB-43.jpg,0
QAM16/QAM16-17dB-44.jpg,0
QAM16/QAM16-17dB-45.jpg,0
QAM16/QAM16-17dB-46.jpg,0
QAM16/QAM16-17dB-47.jpg,0
QAM16/QAM16-17dB-48.jpg,0
QAM16/QAM16-17dB-49.jpg,0
QAM16/QAM16-17dB-5.jpg,0
QAM16/QAM16-17dB-50.jpg,0
QAM16/QAM16-17dB-51.jpg,0
QAM16/QAM16-17dB-52.jpg,0
QAM16/QAM16-17dB-53.jpg,0
QAM16/QAM16-17dB-54.jpg,0
QAM16/QAM16-17dB-55.jpg,0
QAM16/QAM16-17dB-56.jpg,0
QAM16/QAM16-17dB-57.jpg,0
QAM16/QAM16-17dB-58.jpg,0
QAM16/QAM16-17dB-59.jpg,0
QAM16/QAM16-17dB-6.jpg,0
QAM16/QAM16-17dB-60.jpg,0
QAM16/QAM16-17dB-61.jpg,0
QAM16/QAM16-17dB-62.jpg,0
QAM16/QAM16-17dB-63.jpg,0
QAM16/QAM16-17dB-64.jpg,0
QAM16/QAM16-17dB-65.jpg,0
QAM16/QAM16-17dB-66.jpg,0
QAM16/QAM16-17dB-67.jpg,0
QAM16/QAM16-17dB-68.jpg,0
QAM16/QAM16-17dB-69.jpg,0
QAM16/QAM16-17dB-7.jpg,0
QAM16/QAM16-17dB-70.jpg,0
QAM16/QAM16-17dB-71.jpg,0
QAM16/QAM16-17dB-72.jpg,0
QAM16/QAM16-17dB-73.jpg,0
QAM16/QAM16-17dB-74.jpg,0
QAM16/QAM16-17dB-75.jpg,0
QAM16/QAM16-17dB-8.jpg,0
QAM16/QAM16-17dB-9.jpg,0
QAM16/QAM16-18dB-1.jpg,0
QAM16/QAM16-18dB-10.jpg,0
QAM16/QAM16-18dB-11.jpg,0
QAM16/QAM16-18dB-12.jpg,0
QAM16/QAM16-18dB-13.jpg,0
QAM16/QAM16-18dB-14.jpg,0
QAM16/QAM16-18dB-15.jpg,0
QAM16/QAM16-18dB-16.jpg,0
QAM16/QAM16-18dB-17.jpg,0
QAM16/QAM16-18dB-18.jpg,0
QAM16/QAM16-18dB-19.jpg,0
QAM16/QAM16-18dB-2.jpg,0
QAM16/QAM16-18dB-20.jpg,0
QAM16/QAM16-18dB-21.jpg,0
QAM16/QAM16-18dB-22.jpg,0
QAM16/QAM16-18dB-23.jpg,0
QAM16/QAM16-18dB-24.jpg,0
QAM16/QAM16-18dB-25.jpg,0
QAM16/QAM16-18dB-26.jpg,0
QAM16/QAM16-18dB-27.jpg,0
QAM16/QAM16-18dB-28.jpg,0
QAM16/QAM16-18dB-29.jpg,0
QAM16/QAM16-18dB-3.jpg,0
QAM16/QAM16-18dB-30.jpg,0
QAM16/QAM16-18dB-31.jpg,0
QAM16/QAM16-18dB-32.jpg,0
QAM16/QAM16-18dB-33.jpg,0
QAM16/QAM16-18dB-34.jpg,0
QAM16/QAM16-18dB-35.jpg,0
QAM16/QAM16-18dB-36.jpg,0
QAM16/QAM16-18dB-37.jpg,0
QAM16/QAM16-18dB-38.jpg,0
QAM16/QAM16-18dB-39.jpg,0
QAM16/QAM16-18dB-4.jpg,0
QAM16/QAM16-18dB-40.jpg,0
QAM16/QAM16-18dB-41.jpg,0
QAM16/QAM16-18dB-42.jpg,0
QAM16/QAM16-18dB-43.jpg,0
QAM16/QAM16-18dB-44.jpg,0
QAM16/QAM16-18dB-45.jpg,0
QAM16/QAM16-18dB-46.jpg,0
QAM16/QAM16-18dB-47.jpg,0
QAM16/QAM16-18dB-48.jpg,0
QAM16/QAM16-18dB-49.jpg,0
QAM16/QAM16-18dB-5.jpg,0
QAM16/QAM16-18dB-50.jpg,0
QAM16/QAM16-18dB-51.jpg,0
QAM16/QAM16-18dB-52.jpg,0
QAM16/QAM16-18dB-53.jpg,0
QAM16/QAM16-18dB-54.jpg,0
QAM16/QAM16-18dB-55.jpg,0
QAM16/QAM16-18dB-56.jpg,0
QAM16/QAM16-18dB-57.jpg,0
QAM16/QAM16-18dB-58.jpg,0
QAM16/QAM16-18dB-59.jpg,0
QAM16/QAM16-18dB-6.jpg,0
QAM16/QAM16-18dB-60.jpg,0
QAM16/QAM16-18dB-61.jpg,0
QAM16/QAM16-18dB-62.jpg,0
QAM16/QAM16-18dB-63.jpg,0
QAM16/QAM16-18dB-64.jpg,0
QAM16/QAM16-18dB-65.jpg,0
QAM16/QAM16-18dB-66.jpg,0
QAM16/QAM16-18dB-67.jpg,0
QAM16/QAM16-18dB-68.jpg,0
QAM16/QAM16-18dB-69.jpg,0
QAM16/QAM16-18dB-7.jpg,0
QAM16/QAM16-18dB-70.jpg,0
QAM16/QAM16-18dB-71.jpg,0
QAM16/QAM16-18dB-72.jpg,0
QAM16/QAM16-18dB-73.jpg,0
QAM16/QAM16-18dB-74.jpg,0
QAM16/QAM16-18dB-75.jpg,0
QAM16/QAM16-18dB-8.jpg,0
QAM16/QAM16-18dB-9.jpg,0
QAM16/QAM16-19dB-1.jpg,0
QAM16/QAM16-19dB-10.jpg,0
QAM16/QAM16-19dB-11.jpg,0
QAM16/QAM16-19dB-12.jpg,0
QAM16/QAM16-19dB-13.jpg,0
QAM16/QAM16-19dB-14.jpg,0
QAM16/QAM16-19dB-15.jpg,0
QAM16/QAM16-19dB-16.jpg,0
QAM16/QAM16-19dB-17.jpg,0
QAM16/QAM16-19dB-18.jpg,0
QAM16/QAM16-19dB-19.jpg,0
QAM16/QAM16-19dB-2.jpg,0
QAM16/QAM16-19dB-20.jpg,0
QAM16/QAM16-19dB-21.jpg,0
QAM16/QAM16-19dB-22.jpg,0
QAM16/QAM16-19dB-23.jpg,0
QAM16/QAM16-19dB-24.jpg,0
QAM16/QAM16-19dB-25.jpg,0
QAM16/QAM16-19dB-26.jpg,0
QAM16/QAM16-19dB-27.jpg,0
QAM16/QAM16-19dB-28.jpg,0
QAM16/QAM16-19dB-29.jpg,0
QAM16/QAM16-19dB-3.jpg,0
QAM16/QAM16-19dB-30.jpg,0
QAM16/QAM16-19dB-31.jpg,0
QAM16/QAM16-19dB-32.jpg,0
QAM16/QAM16-19dB-33.jpg,0
QAM16/QAM16-19dB-34.jpg,0
QAM16/QAM16-19dB-35.jpg,0
QAM16/QAM16-19dB-36.jpg,0
QAM16/QAM16-19dB-37.jpg,0
QAM16/QAM16-19dB-38.jpg,0
QAM16/QAM16-19dB-39.jpg,0
QAM16/QAM16-19dB-4.jpg,0
QAM16/QAM16-19dB-40.jpg,0
QAM16/QAM16-19dB-41.jpg,0
QAM16/QAM16-19dB-42.jpg,0
QAM16/QAM16-19dB-43.jpg,0
QAM16/QAM16-19dB-44.jpg,0
QAM16/QAM16-19dB-45.jpg,0
QAM16/QAM16-19dB-46.jpg,0
QAM16/QAM16-19dB-47.jpg,0
QAM16/QAM16-19dB-48.jpg,0
QAM16/QAM16-19dB-49.jpg,0
QAM16/QAM16-19dB-5.jpg,0
QAM16/QAM16-19dB-50.jpg,0
QAM16/QAM16-19dB-51.jpg,0
QAM16/QAM16-19dB-52.jpg,0
QAM16/QAM16-19dB-53.jpg,0
QAM16/QAM16-19dB-54.jpg,0
QAM16/QAM16-19dB-55.jpg,0
QAM16/QAM16-19dB-56.jpg,0
QAM16/QAM16-19dB-57.jpg,0
QAM16/QAM16-19dB-58.jpg,0
QAM16/QAM16-19dB-59.jpg,0
QAM16/QAM16-19dB-6.jpg,0
QAM16/QAM16-19dB-60.jpg,0
QAM16/QAM16-19dB-61.jpg,0
QAM16/QAM16-19dB-62.jpg,0
QAM16/QAM16-19dB-63.jpg,0
QAM16/QAM16-19dB-64.jpg,0
QAM16/QAM16-19dB-65.jpg,0
QAM16/QAM16-19dB-66.jpg,0
QAM16/QAM16-19dB-67.jpg,0
QAM16/QAM16-19dB-68.jpg,0
QAM16/QAM16-19dB-69.jpg,0
QAM16/QAM16-19dB-7.jpg,0
QAM16/QAM16-19dB-70.jpg,0
QAM16/QAM16-19dB-71.jpg,0
QAM16/QAM16-19dB-72.jpg,0
QAM16/QAM16-19dB-73.jpg,0
QAM16/QAM16-19dB-74.jpg,0
QAM16/QAM16-19dB-75.jpg,0
QAM16/QAM16-19dB-8.jpg,0
QAM16/QAM16-19dB-9.jpg,0
QAM16/QAM16-20dB-1.jpg,0
QAM16/QAM16-20dB-10.jpg,0
QAM16/QAM16-20dB-11.jpg,0
QAM16/QAM16-20dB-12.jpg,0
QAM16/QAM16-20dB-13.jpg,0
QAM16/QAM16-20dB-14.jpg,0
QAM16/QAM16-20dB-15.jpg,0
QAM16/QAM16-20dB-16.jpg,0
QAM16/QAM16-20dB-17.jpg,0
QAM16/QAM16-20dB-18.jpg,0
QAM16/QAM16-20dB-19.jpg,0
QAM16/QAM16-20dB-2.jpg,0
QAM16/QAM16-20dB-20.jpg,0
QAM16/QAM16-20dB-21.jpg,0
QAM16/QAM16-20dB-22.jpg,0
QAM16/QAM16-20dB-23.jpg,0
QAM16/QAM16-20dB-24.jpg,0
QAM16/QAM16-20dB-25.jpg,0
QAM16/QAM16-20dB-26.jpg,0
QAM16/QAM16-20dB-27.jpg,0
QAM16/QAM16-20dB-28.jpg,0
QAM16/QAM16-20dB-29.jpg,0
QAM16/QAM16-20dB-3.jpg,0
QAM16/QAM16-20dB-30.jpg,0
QAM16/QAM16-20dB-31.jpg,0
QAM16/QAM16-20dB-32.jpg,0
QAM16/QAM16-20dB-33.jpg,0
QAM16/QAM16-20dB-34.jpg,0
QAM16/QAM16-20dB-35.jpg,0
QAM16/QAM16-20dB-36.jpg,0
QAM16/QAM16-20dB-37.jpg,0
QAM16/QAM16-20dB-38.jpg,0
QAM16/QAM16-20dB-39.jpg,0
QAM16/QAM16-20dB-4.jpg,0
QAM16/QAM16-20dB-40.jpg,0
QAM16/QAM16-20dB-41.jpg,0
QAM16/QAM16-20dB-42.jpg,0
QAM16/QAM16-20dB-43.jpg,0
QAM16/QAM16-20dB-44.jpg,0
QAM16/QAM16-20dB-45.jpg,0
QAM16/QAM16-20dB-46.jpg,0
QAM16/QAM16-20dB-47.jpg,0
QAM16/QAM16-20dB-48.jpg,0
QAM16/QAM16-20dB-49.jpg,0
QAM16/QAM16-20dB-5.jpg,0
QAM16/QAM16-20dB-50.jpg,0
QAM16/QAM16-20dB-51.jpg,0
QAM16/QAM16-20dB-52.jpg,0
QAM16/QAM16-20dB-53.jpg,0
QAM16/QAM16-20dB-54.jpg,0
QAM16/QAM16-20dB-55.jpg,0
QAM16/QAM16-20dB-56.jpg,0
QAM16/QAM16-20dB-57.jpg,0
QAM16/QAM16-20dB-58.jpg,0
QAM16/QAM16-20dB-59.jpg,0
QAM16/QAM16-20dB-6.jpg,0
QAM16/QAM16-20dB-60.jpg,0
QAM16/QAM16-20dB-61.jpg,0
QAM16/QAM16-20dB-62.jpg,0
QAM16/QAM16-20dB-63.jpg,0
QAM16/QAM16-20dB-64.jpg,0
QAM16/QAM16-20dB-65.jpg,0
QAM16/QAM16-20dB-66.jpg,0
QAM16/QAM16-20dB-67.jpg,0
QAM16/QAM16-20dB-68.jpg,0
QAM16/QAM16-20dB-69.jpg,0
QAM16/QAM16-20dB-7.jpg,0
QAM16/QAM16-20dB-70.jpg,0
QAM16/QAM16-20dB-71.jpg,0
QAM16/QAM16-20dB-72.jpg,0
QAM16/QAM16-20dB-73.jpg,0
QAM16/QAM16-20dB-74.jpg,0
QAM16/QAM16-20dB-75.jpg,0
QAM16/QAM16-20dB-8.jpg,0
QAM16/QAM16-20dB-9.jpg,0
QAM16/QAM16-21dB-1.jpg,0
QAM16/QAM16-21dB-10.jpg,0
QAM16/QAM16-21dB-11.jpg,0
QAM16/QAM16-21dB-12.jpg,0
QAM16/QAM16-21dB-13.jpg,0
QAM16/QAM16-21dB-14.jpg,0
QAM16/QAM16-21dB-15.jpg,0
QAM16/QAM16-21dB-16.jpg,0
QAM16/QAM16-21dB-17.jpg,0
QAM16/QAM16-21dB-18.jpg,0
QAM16/QAM16-21dB-19.jpg,0
QAM16/QAM16-21dB-2.jpg,0
QAM16/QAM16-21dB-20.jpg,0
QAM16/QAM16-21dB-21.jpg,0
QAM16/QAM16-21dB-22.jpg,0
QAM16/QAM16-21dB-23.jpg,0
QAM16/QAM16-21dB-24.jpg,0
QAM16/QAM16-21dB-25.jpg,0
QAM16/QAM16-21dB-26.jpg,0
QAM16/QAM16-21dB-27.jpg,0
QAM16/QAM16-21dB-28.jpg,0
QAM16/QAM16-21dB-29.jpg,0
QAM16/QAM16-21dB-3.jpg,0
QAM16/QAM16-21dB-30.jpg,0
QAM16/QAM16-21dB-31.jpg,0
QAM16/QAM16-21dB-32.jpg,0
QAM16/QAM16-21dB-33.jpg,0
QAM16/QAM16-21dB-34.jpg,0
QAM16/QAM16-21dB-35.jpg,0
QAM16/QAM16-21dB-36.jpg,0
QAM16/QAM16-21dB-37.jpg,0
QAM16/QAM16-21dB-38.jpg,0
QAM16/QAM16-21dB-39.jpg,0
QAM16/QAM16-21dB-4.jpg,0
QAM16/QAM16-21dB-40.jpg,0
QAM16/QAM16-21dB-41.jpg,0
QAM16/QAM16-21dB-42.jpg,0
QAM16/QAM16-21dB-43.jpg,0
QAM16/QAM16-21dB-44.jpg,0
QAM16/QAM16-21dB-45.jpg,0
QAM16/QAM16-21dB-46.jpg,0
QAM16/QAM16-21dB-47.jpg,0
QAM16/QAM16-21dB-48.jpg,0
QAM16/QAM16-21dB-49.jpg,0
QAM16/QAM16-21dB-5.jpg,0
QAM16/QAM16-21dB-50.jpg,0
QAM16/QAM16-21dB-51.jpg,0
QAM16/QAM16-21dB-52.jpg,0
QAM16/QAM16-21dB-53.jpg,0
QAM16/QAM16-21dB-54.jpg,0
QAM16/QAM16-21dB-55.jpg,0
QAM16/QAM16-21dB-56.jpg,0
QAM16/QAM16-21dB-57.jpg,0
QAM16/QAM16-21dB-58.jpg,0
QAM16/QAM16-21dB-59.jpg,0
QAM16/QAM16-21dB-6.jpg,0
QAM16/QAM16-21dB-60.jpg,0
QAM16/QAM16-21dB-61.jpg,0
QAM16/QAM16-21dB-62.jpg,0
QAM16/QAM16-21dB-63.jpg,0
QAM16/QAM16-21dB-64.jpg,0
QAM16/QAM16-21dB-65.jpg,0
QAM16/QAM16-21dB-66.jpg,0
QAM16/QAM16-21dB-67.jpg,0
QAM16/QAM16-21dB-68.jpg,0
QAM16/QAM16-21dB-69.jpg,0
QAM16/QAM16-21dB-7.jpg,0
QAM16/QAM16-21dB-70.jpg,0
QAM16/QAM16-21dB-71.jpg,0
QAM16/QAM16-21dB-72.jpg,0
QAM16/QAM16-21dB-73.jpg,0
QAM16/QAM16-21dB-74.jpg,0
QAM16/QAM16-21dB-75.jpg,0
QAM16/QAM16-21dB-8.jpg,0
QAM16/QAM16-21dB-9.jpg,0
QAM16/QAM16-22dB-1.jpg,0
QAM16/QAM16-22dB-10.jpg,0
QAM16/QAM16-22dB-11.jpg,0
QAM16/QAM16-22dB-12.jpg,0
QAM16/QAM16-22dB-13.jpg,0
QAM16/QAM16-22dB-14.jpg,0
QAM16/QAM16-22dB-15.jpg,0
QAM16/QAM16-22dB-16.jpg,0
QAM16/QAM16-22dB-17.jpg,0
QAM16/QAM16-22dB-18.jpg,0
QAM16/QAM16-22dB-19.jpg,0
QAM16/QAM16-22dB-2.jpg,0
QAM16/QAM16-22dB-20.jpg,0
QAM16/QAM16-22dB-21.jpg,0
QAM16/QAM16-22dB-22.jpg,0
QAM16/QAM16-22dB-23.jpg,0
QAM16/QAM16-22dB-24.jpg,0
QAM16/QAM16-22dB-25.jpg,0
QAM16/QAM16-22dB-26.jpg,0
QAM16/QAM16-22dB-27.jpg,0
QAM16/QAM16-22dB-28.jpg,0
QAM16/QAM16-22dB-29.jpg,0
QAM16/QAM16-22dB-3.jpg,0
QAM16/QAM16-22dB-30.jpg,0
QAM16/QAM16-22dB-31.jpg,0
QAM16/QAM16-22dB-32.jpg,0
QAM16/QAM16-22dB-33.jpg,0
QAM16/QAM16-22dB-34.jpg,0
QAM16/QAM16-22dB-35.jpg,0
QAM16/QAM16-22dB-36.jpg,0
QAM16/QAM16-22dB-37.jpg,0
QAM16/QAM16-22dB-38.jpg,0
QAM16/QAM16-22dB-39.jpg,0
QAM16/QAM16-22dB-4.jpg,0
QAM16/QAM16-22dB-40.jpg,0
QAM16/QAM16-22dB-41.jpg,0
QAM16/QAM16-22dB-42.jpg,0
QAM16/QAM16-22dB-43.jpg,0
QAM16/QAM16-22dB-44.jpg,0
QAM16/QAM16-22dB-45.jpg,0
QAM16/QAM16-22dB-46.jpg,0
QAM16/QAM16-22dB-47.jpg,0
QAM16/QAM16-22dB-48.jpg,0
QAM16/QAM16-22dB-49.jpg,0
QAM16/QAM16-22dB-5.jpg,0
QAM16/QAM16-22dB-50.jpg,0
QAM16/QAM16-22dB-51.jpg,0
QAM16/QAM16-22dB-52.jpg,0
QAM16/QAM16-22dB-53.jpg,0
QAM16/QAM16-22dB-54.jpg,0
QAM16/QAM16-22dB-55.jpg,0
QAM16/QAM16-22dB-56.jpg,0
QAM16/QAM16-22dB-57.jpg,0
QAM16/QAM16-22dB-58.jpg,0
QAM16/QAM16-22dB-59.jpg,0
QAM16/QAM16-22dB-6.jpg,0
QAM16/QAM16-22dB-60.jpg,0
QAM16/QAM16-22dB-61.jpg,0
QAM16/QAM16-22dB-62.jpg,0
QAM16/QAM16-22dB-63.jpg,0
QAM16/QAM16-22dB-64.jpg,0
QAM16/QAM16-22dB-65.jpg,0
QAM16/QAM16-22dB-66.jpg,0
QAM16/QAM16-22dB-67.jpg,0
QAM16/QAM16-22dB-68.jpg,0
QAM16/QAM16-22dB-69.jpg,0
QAM16/QAM16-22dB-7.jpg,0
QAM16/QAM16-22dB-70.jpg,0
QAM16/QAM16-22dB-71.jpg,0
QAM16/QAM16-22dB-72.jpg,0
QAM16/QAM16-22dB-73.jpg,0
QAM16/QAM16-22dB-74.jpg,0
QAM16/QAM16-22dB-75.jpg,0
QAM16/QAM16-22dB-8.jpg,0
QAM16/QAM16-22dB-9.jpg,0
QAM16/QAM16-23dB-1.jpg,0
QAM16/QAM16-23dB-10.jpg,0
QAM16/QAM16-23dB-11.jpg,0
QAM16/QAM16-23dB-12.jpg,0
QAM16/QAM16-23dB-13.jpg,0
QAM16/QAM16-23dB-14.jpg,0
QAM16/QAM16-23dB-15.jpg,0
QAM16/QAM16-23dB-16.jpg,0
QAM16/QAM16-23dB-17.jpg,0
QAM16/QAM16-23dB-18.jpg,0
QAM16/QAM16-23dB-19.jpg,0
QAM16/QAM16-23dB-2.jpg,0
QAM16/QAM16-23dB-20.jpg,0
QAM16/QAM16-23dB-21.jpg,0
QAM16/QAM16-23dB-22.jpg,0
QAM16/QAM16-23dB-23.jpg,0
QAM16/QAM16-23dB-24.jpg,0
QAM16/QAM16-23dB-25.jpg,0
QAM16/QAM16-23dB-26.jpg,0
QAM16/QAM16-23dB-27.jpg,0
QAM16/QAM16-23dB-28.jpg,0
QAM16/QAM16-23dB-29.jpg,0
QAM16/QAM16-23dB-3.jpg,0
QAM16/QAM16-23dB-30.jpg,0
QAM16/QAM16-23dB-31.jpg,0
QAM16/QAM16-23dB-32.jpg,0
QAM16/QAM16-23dB-33.jpg,0
QAM16/QAM16-23dB-34.jpg,0
QAM16/QAM16-23dB-35.jpg,0
QAM16/QAM16-23dB-36.jpg,0
QAM16/QAM16-23dB-37.jpg,0
QAM16/QAM16-23dB-38.jpg,0
QAM16/QAM16-23dB-39.jpg,0
QAM16/QAM16-23dB-4.jpg,0
QAM16/QAM16-23dB-40.jpg,0
QAM16/QAM16-23dB-41.jpg,0
QAM16/QAM16-23dB-42.jpg,0
QAM16/QAM16-23dB-43.jpg,0
QAM16/QAM16-23dB-44.jpg,0
QAM16/QAM16-23dB-45.jpg,0
QAM16/QAM16-23dB-46.jpg,0
QAM16/QAM16-23dB-47.jpg,0
QAM16/QAM16-23dB-48.jpg,0
QAM16/QAM16-23dB-49.jpg,0
QAM16/QAM16-23dB-5.jpg,0
QAM16/QAM16-23dB-50.jpg,0
QAM16/QAM16-23dB-51.jpg,0
QAM16/QAM16-23dB-52.jpg,0
QAM16/QAM16-23dB-53.jpg,0
QAM16/QAM16-23dB-54.jpg,0
QAM16/QAM16-23dB-55.jpg,0
QAM16/QAM16-23dB-56.jpg,0
QAM16/QAM16-23dB-57.jpg,0
QAM16/QAM16-23dB-58.jpg,0
QAM16/QAM16-23dB-59.jpg,0
QAM16/QAM16-23dB-6.jpg,0
QAM16/QAM16-23dB-60.jpg,0
QAM16/QAM16-23dB-61.jpg,0
QAM16/QAM16-23dB-62.jpg,0
QAM16/QAM16-23dB-63.jpg,0
QAM16/QAM16-23dB-64.jpg,0
QAM16/QAM16-23dB-65.jpg,0
QAM16/QAM16-23dB-66.jpg,0
QAM16/QAM16-23dB-67.jpg,0
QAM16/QAM16-23dB-68.jpg,0
QAM16/QAM16-23dB-69.jpg,0
QAM16/QAM16-23dB-7.jpg,0
QAM16/QAM16-23dB-70.jpg,0
QAM16/QAM16-23dB-71.jpg,0
QAM16/QAM16-23dB-72.jpg,0
QAM16/QAM16-23dB-73.jpg,0
QAM16/QAM16-23dB-74.jpg,0
QAM16/QAM16-23dB-75.jpg,0
QAM16/QAM16-23dB-8.jpg,0
QAM16/QAM16-23dB-9.jpg,0
QAM32/QAM32-17dB-1.jpg,1
QAM32/QAM32-17dB-10.jpg,1
QAM32/QAM32-17dB-11.jpg,1
QAM32/QAM32-17dB-12.jpg,1
QAM32/QAM32-17dB-13.jpg,1
QAM32/QAM32-17dB-14.jpg,1
QAM32/QAM32-17dB-15.jpg,1
QAM32/QAM32-17dB-16.jpg,1
QAM32/QAM32-17dB-17.jpg,1
QAM32/QAM32-17dB-18.jpg,1
QAM32/QAM32-17dB-19.jpg,1
QAM32/QAM32-17dB-2.jpg,1
QAM32/QAM32-17dB-20.jpg,1
QAM32/QAM32-17dB-21.jpg,1
QAM32/QAM32-17dB-22.jpg,1
QAM32/QAM32-17dB-23.jpg,1
QAM32/QAM32-17dB-24.jpg,1
QAM32/QAM32-17dB-25.jpg,1
QAM32/QAM32-17dB-26.jpg,1
QAM32/QAM32-17dB-27.jpg,1
QAM32/QAM32-17dB-28.jpg,1
QAM32/QAM32-17dB-29.jpg,1
QAM32/QAM32-17dB-3.jpg,1
QAM32/QAM32-17dB-30.jpg,1
QAM32/QAM32-17dB-31.jpg,1
QAM32/QAM32-17dB-32.jpg,1
QAM32/QAM32-17dB-33.jpg,1
QAM32/QAM32-17dB-34.jpg,1
QAM32/QAM32-17dB-35.jpg,1
QAM32/QAM32-17dB-36.jpg,1
QAM32/QAM32-17dB-37.jpg,1
QAM32/QAM32-17dB-38.jpg,1
QAM32/QAM32-17dB-39.jpg,1
QAM32/QAM32-17dB-4.jpg,1
QAM32/QAM32-17dB-40.jpg,1
QAM32/QAM32-17dB-41.jpg,1
QAM32/QAM32-17dB-42.jpg,1
QAM32/QAM32-17dB-43.jpg,1
QAM32/QAM32-17dB-44.jpg,1
QAM32/QAM32-17dB-45.jpg,1
QAM32/QAM32-17dB-46.jpg,1
QAM32/QAM32-17dB-47.jpg,1
QAM32/QAM32-17dB-48.jpg,1
QAM32/QAM32-17dB-49.jpg,1
QAM32/QAM32-17dB-5.jpg,1
QAM32/QAM32-17dB-50.jpg,1
QAM32/QAM32-17dB-51.jpg,1
QAM32/QAM32-17dB-52.jpg,1
QAM32/QAM32-17dB-53.jpg,1
QAM32/QAM32-17dB-54.jpg,1
QAM32/QAM32-17dB-55.jpg,1
QAM32/QAM32-17dB-56.jpg,1
QAM32/QAM32-17dB-57.jpg,1
QAM32/QAM32-17dB-58.jpg,1
QAM32/QAM32-17dB-59.jpg,1
QAM32/QAM32-17dB-6.jpg,1
QAM32/QAM32-17dB-60.jpg,1
QAM32/QAM32-17dB-61.jpg,1
QAM32/QAM32-17dB-62.jpg,1
QAM32/QAM32-17dB-63.jpg,1
QAM32/QAM32-17dB-64.jpg,1
QAM32/QAM32-17dB-65.jpg,1
QAM32/QAM32-17dB-66.jpg,1
QAM32/QAM32-17dB-67.jpg,1
QAM32/QAM32-17dB-68.jpg,1
QAM32/QAM32-17dB-69.jpg,1
QAM32/QAM32-17dB-7.jpg,1
QAM32/QAM32-17dB-70.jpg,1
QAM32/QAM32-17dB-71.jpg,1
QAM32/QAM32-17dB-72.jpg,1
QAM32/QAM32-17dB-73.jpg,1
QAM32/QAM32-17dB-74.jpg,1
QAM32/QAM32-17dB-75.jpg,1
QAM32/QAM32-17dB-8.jpg,1
QAM32/QAM32-17dB-9.jpg,1
QAM32/QAM32-18dB-1.jpg,1
QAM32/QAM32-18dB-10.jpg,1
QAM32/QAM32-18dB-11.jpg,1
QAM32/QAM32-18dB-12.jpg,1
QAM32/QAM32-18dB-13.jpg,1
QAM32/QAM32-18dB-14.jpg,1
QAM32/QAM32-18dB-15.jpg,1
QAM32/QAM32-18dB-16.jpg,1
QAM32/QAM32-18dB-17.jpg,1
QAM32/QAM32-18dB-18.jpg,1
QAM32/QAM32-18dB-19.jpg,1
QAM32/QAM32-18dB-2.jpg,1
QAM32/QAM32-18dB-20.jpg,1
QAM32/QAM32-18dB-21.jpg,1
QAM32/QAM32-18dB-22.jpg,1
QAM32/QAM32-18dB-23.jpg,1
QAM32/QAM32-18dB-24.jpg,1
QAM32/QAM32-18dB-25.jpg,1
QAM32/QAM32-18dB-26.jpg,1
QAM32/QAM32-18dB-27.jpg,1
QAM32/QAM32-18dB-28.jpg,1
QAM32/QAM32-18dB-29.jpg,1
QAM32/QAM32-18dB-3.jpg,1
QAM32/QAM32-18dB-30.jpg,1
QAM32/QAM32-18dB-31.jpg,1
QAM32/QAM32-18dB-32.jpg,1
QAM32/QAM32-18dB-33.jpg,1
QAM32/QAM32-18dB-34.jpg,1
QAM32/QAM32-18dB-35.jpg,1
QAM32/QAM32-18dB-36.jpg,1
QAM32/QAM32-18dB-37.jpg,1
QAM32/QAM32-18dB-38.jpg,1
QAM32/QAM32-18dB-39.jpg,1
QAM32/QAM32-18dB-4.jpg,1
QAM32/QAM32-18dB-40.jpg,1
QAM32/QAM32-18dB-41.jpg,1
QAM32/QAM32-18dB-42.jpg,1
QAM32/QAM32-18dB-43.jpg,1
QAM32/QAM32-18dB-44.jpg,1
QAM32/QAM32-18dB-45.jpg,1
QAM32/QAM32-18dB-46.jpg,1
QAM32/QAM32-18dB-47.jpg,1
QAM32/QAM32-18dB-48.jpg,1
QAM32/QAM32-18dB-49.jpg,1
QAM32/QAM32-18dB-5.jpg,1
QAM32/QAM32-18dB-50.jpg,1
QAM32/QAM32-18dB-51.jpg,1
QAM32/QAM32-18dB-52.jpg,1
QAM32/QAM32-18dB-53.jpg,1
QAM32/QAM32-18dB-54.jpg,1
QAM32/QAM32-18dB-55.jpg,1
QAM32/QAM32-18dB-56.jpg,1
QAM32/QAM32-18dB-57.jpg,1
QAM32/QAM32-18dB-58.jpg,1
QAM32/QAM32-18dB-59.jpg,1
QAM32/QAM32-18dB-6.jpg,1
QAM32/QAM32-18dB-60.jpg,1
QAM32/QAM32-18dB-61.jpg,1
QAM32/QAM32-18dB-62.jpg,1
QAM32/QAM32-18dB-63.jpg,1
QAM32/QAM32-18dB-64.jpg,1
QAM32/QAM32-18dB-65.jpg,1
QAM32/QAM32-18dB-66.jpg,1
QAM32/QAM32-18dB-67.jpg,1
QAM32/QAM32-18dB-68.jpg,1
QAM32/QAM32-18dB-69.jpg,1
QAM32/QAM32-18dB-7.jpg,1
QAM32/QAM32-18dB-70.jpg,1
QAM32/QAM32-18dB-71.jpg,1
QAM32/QAM32-18dB-72.jpg,1
QAM32/QAM32-18dB-73.jpg,1
QAM32/QAM32-18dB-74.jpg,1
QAM32/QAM32-18dB-75.jpg,1
QAM32/QAM32-18dB-8.jpg,1
QAM32/QAM32-18dB-9.jpg,1
QAM32/QAM32-19dB-1.jpg,1
QAM32/QAM32-19dB-10.jpg,1
QAM32/QAM32-19dB-11.jpg,1
QAM32/QAM32-19dB-12.jpg,1
QAM32/QAM32-19dB-13.jpg,1
QAM32/QAM32-19dB-14.jpg,1
QAM32/QAM32-19dB-15.jpg,1
QAM32/QAM32-19dB-16.jpg,1
QAM32/QAM32-19dB-17.jpg,1
QAM32/QAM32-19dB-18.jpg,1
QAM32/QAM32-19dB-19.jpg,1
QAM32/QAM32-19dB-2.jpg,1
QAM32/QAM32-19dB-20.jpg,1
QAM32/QAM32-19dB-21.jpg,1
QAM32/QAM32-19dB-22.jpg,1
QAM32/QAM32-19dB-23.jpg,1
QAM32/QAM32-19dB-24.jpg,1
QAM32/QAM32-19dB-25.jpg,1
QAM32/QAM32-19dB-26.jpg,1
QAM32/QAM32-19dB-27.jpg,1
QAM32/QAM32-19dB-28.jpg,1
QAM32/QAM32-19dB-29.jpg,1
QAM32/QAM32-19dB-3.jpg,1
QAM32/QAM32-19dB-30.jpg,1
QAM32/QAM32-19dB-31.jpg,1
QAM32/QAM32-19dB-32.jpg,1
QAM32/QAM32-19dB-33.jpg,1
QAM32/QAM32-19dB-34.jpg,1
QAM32/QAM32-19dB-35.jpg,1
QAM32/QAM32-19dB-36.jpg,1
QAM32/QAM32-19dB-37.jpg,1
QAM32/QAM32-19dB-38.jpg,1
QAM32/QAM32-19dB-39.jpg,1
QAM32/QAM32-19dB-4.jpg,1
QAM32/QAM32-19dB-40.jpg,1
QAM32/QAM32-19dB-41.jpg,1
QAM32/QAM32-19dB-42.jpg,1
QAM32/QAM32-19dB-43.jpg,1
QAM32/QAM32-19dB-44.jpg,1
QAM32/QAM32-19dB-45.jpg,1
QAM32/QAM32-19dB-46.jpg,1
QAM32/QAM32-19dB-47.jpg,1
QAM32/QAM32-19dB-48.jpg,1
QAM32/QAM32-19dB-49.jpg,1
QAM32/QAM32-19dB-5.jpg,1
QAM32/QAM32-19dB-50.jpg,1
QAM32/QAM32-19dB-51.jpg,1
QAM32/QAM32-19dB-52.jpg,1
QAM32/QAM32-19dB-53.jpg,1
QAM32/QAM32-19dB-54.jpg,1
QAM32/QAM32-19dB-55.jpg,1
QAM32/QAM32-19dB-56.jpg,1
QAM32/QAM32-19dB-57.jpg,1
QAM32/QAM32-19dB-58.jpg,1
QAM32/QAM32-19dB-59.jpg,1
QAM32/QAM32-19dB-6.jpg,1
QAM32/QAM32-19dB-60.jpg,1
QAM32/QAM32-19dB-61.jpg,1
QAM32/QAM32-19dB-62.jpg,1
QAM32/QAM32-19dB-63.jpg,1
QAM32/QAM32-19dB-64.jpg,1
QAM32/QAM32-19dB-65.jpg,1
QAM32/QAM32-19dB-66.jpg,1
QAM32/QAM32-19dB-67.jpg,1
QAM32/QAM32-19dB-68.jpg,1
QAM32/QAM32-19dB-69.jpg,1
QAM32/QAM32-19dB-7.jpg,1
QAM32/QAM32-19dB-70.jpg,1
QAM32/QAM32-19dB-71.jpg,1
QAM32/QAM32-19dB-72.jpg,1
QAM32/QAM32-19dB-73.jpg,1
QAM32/QAM32-19dB-74.jpg,1
QAM32/QAM32-19dB-75.jpg,1
QAM32/QAM32-19dB-8.jpg,1
QAM32/QAM32-19dB-9.jpg,1
QAM32/QAM32-20dB-1.jpg,1
QAM32/QAM32-20dB-10.jpg,1
QAM32/QAM32-20dB-11.jpg,1
QAM32/QAM32-20dB-12.jpg,1
QAM32/QAM32-20dB-13.jpg,1
QAM32/QAM32-20dB-14.jpg,1
QAM32/QAM32-20dB-15.jpg,1
QAM32/QAM32-20dB-16.jpg,1
QAM32/QAM32-20dB-17.jpg,1
QAM32/QAM32-20dB-18.jpg,1
QAM32/QAM32-20dB-19.jpg,1
QAM32/QAM32-20dB-2.jpg,1
QAM32/QAM32-20dB-20.jpg,1
QAM32/QAM32-20dB-21.jpg,1
QAM32/QAM32-20dB-22.jpg,1
QAM32/QAM32-20dB-23.jpg,1
QAM32/QAM32-20dB-24.jpg,1
QAM32/QAM32-20dB-25.jpg,1
QAM32/QAM32-20dB-26.jpg,1
QAM32/QAM32-20dB-27.jpg,1
QAM32/QAM32-20dB-28.jpg,1
QAM32/QAM32-20dB-29.jpg,1
QAM32/QAM32-20dB-3.jpg,1
QAM32/QAM32-20dB-30.jpg,1
QAM32/QAM32-20dB-31.jpg,1
QAM32/QAM32-20dB-32.jpg,1
QAM32/QAM32-20dB-33.jpg,1
QAM32/QAM32-20dB-34.jpg,1
QAM32/QAM32-20dB-35.jpg,1
QAM32/QAM32-20dB-36.jpg,1
QAM32/QAM32-20dB-37.jpg,1
QAM32/QAM32-20dB-38.jpg,1
QAM32/QAM32-20dB-39.jpg,1
QAM32/QAM32-20dB-4.jpg,1
QAM32/QAM32-20dB-40.jpg,1
QAM32/QAM32-20dB-41.jpg,1
QAM32/QAM32-20dB-42.jpg,1
QAM32/QAM32-20dB-43.jpg,1
QAM32/QAM32-20dB-44.jpg,1
QAM32/QAM32-20dB-45.jpg,1
QAM32/QAM32-20dB-46.jpg,1
QAM32/QAM32-20dB-47.jpg,1
QAM32/QAM32-20dB-48.jpg,1
QAM32/QAM32-20dB-49.jpg,1
QAM32/QAM32-20dB-5.jpg,1
QAM32/QAM32-20dB-50.jpg,1
QAM32/QAM32-20dB-51.jpg,1
QAM32/QAM32-20dB-52.jpg,1
QAM32/QAM32-20dB-53.jpg,1
QAM32/QAM32-20dB-54.jpg,1
QAM32/QAM32-20dB-55.jpg,1
QAM32/QAM32-20dB-56.jpg,1
QAM32/QAM32-20dB-57.jpg,1
QAM32/QAM32-20dB-58.jpg,1
QAM32/QAM32-20dB-59.jpg,1
QAM32/QAM32-20dB-6.jpg,1
QAM32/QAM32-20dB-60.jpg,1
QAM32/QAM32-20dB-61.jpg,1
QAM32/QAM32-20dB-62.jpg,1
QAM32/QAM32-20dB-63.jpg,1
QAM32/QAM32-20dB-64.jpg,1
QAM32/QAM32-20dB-65.jpg,1
QAM32/QAM32-20dB-66.jpg,1
QAM32/QAM32-20dB-67.jpg,1
QAM32/QAM32-20dB-68.jpg,1
QAM32/QAM32-20dB-69.jpg,1
QAM32/QAM32-20dB-7.jpg,1
QAM32/QAM32-20dB-70.jpg,1
QAM32/QAM32-20dB-71.jpg,1
QAM32/QAM32-20dB-72.jpg,1
QAM32/QAM32-20dB-73.jpg,1
QAM32/QAM32-20dB-74.jpg,1
QAM32/QAM32-20dB-75.jpg,1
QAM32/QAM32-20dB-8.jpg,1
QAM32/QAM32-20dB-9.jpg,1
QAM32/QAM32-21dB-1.jpg,1
QAM32/QAM32-21dB-10.jpg,1
QAM32/QAM32-21dB-11.jpg,1
QAM32/QAM32-21dB-12.jpg,1
QAM32/QAM32-21dB-13.jpg,1
QAM32/QAM32-21dB-14.jpg,1
QAM32/QAM32-21dB-15.jpg,1
QAM32/QAM32-21dB-16.jpg,1
QAM32/QAM32-21dB-17.jpg,1
QAM32/QAM32-21dB-18.jpg,1
QAM32/QAM32-21dB-19.jpg,1
QAM32/QAM32-21dB-2.jpg,1
QAM32/QAM32-21dB-20.jpg,1
QAM32/QAM32-21dB-21.jpg,1
QAM32/QAM32-21dB-22.jpg,1
QAM32/QAM32-21dB-23.jpg,1
QAM32/QAM32-21dB-24.jpg,1
QAM32/QAM32-21dB-25.jpg,1
QAM32/QAM32-21dB-26.jpg,1
QAM32/QAM32-21dB-27.jpg,1
QAM32/QAM32-21dB-28.jpg,1
QAM32/QAM32-21dB-29.jpg,1
QAM32/QAM32-21dB-3.jpg,1
QAM32/QAM32-21dB-30.jpg,1
QAM32/QAM32-21dB-31.jpg,1
QAM32/QAM32-21dB-32.jpg,1
QAM32/QAM32-21dB-33.jpg,1
QAM32/QAM32-21dB-34.jpg,1
QAM32/QAM32-21dB-35.jpg,1
QAM32/QAM32-21dB-36.jpg,1
QAM32/QAM32-21dB-37.jpg,1
QAM32/QAM32-21dB-38.jpg,1
QAM32/QAM32-21dB-39.jpg,1
QAM32/QAM32-21dB-4.jpg,1
QAM32/QAM32-21dB-40.jpg,1
QAM32/QAM32-21dB-41.jpg,1
QAM32/QAM32-21dB-42.jpg,1
QAM32/QAM32-21dB-43.jpg,1
QAM32/QAM32-21dB-44.jpg,1
QAM32/QAM32-21dB-45.jpg,1
QAM32/QAM32-21dB-46.jpg,1
QAM32/QAM32-21dB-47.jpg,1
QAM32/QAM32-21dB-48.jpg,1
QAM32/QAM32-21dB-49.jpg,1
QAM32/QAM32-21dB-5.jpg,1
QAM32/QAM32-21dB-50.jpg,1
QAM32/QAM32-21dB-51.jpg,1
QAM32/QAM32-21dB-52.jpg,1
QAM32/QAM32-21dB-53.jpg,1
QAM32/QAM32-21dB-54.jpg,1
QAM32/QAM32-21dB-55.jpg,1
QAM32/QAM32-21dB-56.jpg,1
QAM32/QAM32-21dB-57.jpg,1
QAM32/QAM32-21dB-58.jpg,1
QAM32/QAM32-21dB-59.jpg,1
QAM32/QAM32-21dB-6.jpg,1
QAM32/QAM32-21dB-60.jpg,1
QAM32/QAM32-21dB-61.jpg,1
QAM32/QAM32-21dB-62.jpg,1
QAM32/QAM32-21dB-63.jpg,1
QAM32/QAM32-21dB-64.jpg,1
QAM32/QAM32-21dB-65.jpg,1
QAM32/QAM32-21dB-66.jpg,1
QAM32/QAM32-21dB-67.jpg,1
QAM32/QAM32-21dB-68.jpg,1
QAM32/QAM32-21dB-69.jpg,1
QAM32/QAM32-21dB-7.jpg,1
QAM32/QAM32-21dB-70.jpg,1
QAM32/QAM32-21dB-71.jpg,1
QAM32/QAM32-21dB-72.jpg,1
QAM32/QAM32-21dB-73.jpg,1
QAM32/QAM32-21dB-74.jpg,1
QAM32/QAM32-21dB-75.jpg,1
QAM32/QAM32-21dB-8.jpg,1
QAM32/QAM32-21dB-9.jpg,1
QAM32/QAM32-22dB-1.jpg,1
QAM32/QAM32-22dB-10.jpg,1
QAM32/QAM32-22dB-11.jpg,1
QAM32/QAM32-22dB-12.jpg,1
QAM32/QAM32-22dB-13.jpg,1
QAM32/QAM32-22dB-14.jpg,1
QAM32/QAM32-22dB-15.jpg,1
QAM32/QAM32-22dB-16.jpg,1
QAM32/QAM32-22dB-17.jpg,1
QAM32/QAM32-22dB-18.jpg,1
QAM32/QAM32-22dB-19.jpg,1
QAM32/QAM32-22dB-2.jpg,1
QAM32/QAM32-22dB-20.jpg,1
QAM32/QAM32-22dB-21.jpg,1
QAM32/QAM32-22dB-22.jpg,1
QAM32/QAM32-22dB-23.jpg,1
QAM32/QAM32-22dB-24.jpg,1
QAM32/QAM32-22dB-25.jpg,1
QAM32/QAM32-22dB-26.jpg,1
QAM32/QAM32-22dB-27.jpg,1
QAM32/QAM32-22dB-28.jpg,1
QAM32/QAM32-22dB-29.jpg,1
QAM32/QAM32-22dB-3.jpg,1
QAM32/QAM32-22dB-30.jpg,1
QAM32/QAM32-22dB-31.jpg,1
QAM32/QAM32-22dB-32.jpg,1
QAM32/QAM32-22dB-33.jpg,1
QAM32/QAM32-22dB-34.jpg,1
QAM32/QAM32-22dB-35.jpg,1
QAM32/QAM32-22dB-36.jpg,1
QAM32/QAM32-22dB-37.jpg,1
QAM32/QAM32-22dB-38.jpg,1
QAM32/QAM32-22dB-39.jpg,1
QAM32/QAM32-22dB-4.jpg,1
QAM32/QAM32-22dB-40.jpg,1
QAM32/QAM32-22dB-41.jpg,1
QAM32/QAM32-22dB-42.jpg,1
QAM32/QAM32-22dB-43.jpg,1
QAM32/QAM32-22dB-44.jpg,1
QAM32/QAM32-22dB-45.jpg,1
QAM32/QAM32-22dB-46.jpg,1
QAM32/QAM32-22dB-47.jpg,1
QAM32/QAM32-22dB-48.jpg,1
QAM32/QAM32-22dB-49.jpg,1
QAM32/QAM32-22dB-5.jpg,1
QAM32/QAM32-22dB-50.jpg,1
QAM32/QAM32-22dB-51.jpg,1
QAM32/QAM32-22dB-52.jpg,1
QAM32/QAM32-22dB-53.jpg,1
QAM32/QAM32-22dB-54.jpg,1
QAM32/QAM32-22dB-55.jpg,1
QAM32/QAM32-22dB-56.jpg,1
QAM32/QAM32-22dB-57.jpg,1
QAM32/QAM32-22dB-58.jpg,1
QAM32/QAM32-22dB-59.jpg,1
QAM32/QAM32-22dB-6.jpg,1
QAM32/QAM32-22dB-60.jpg,1
QAM32/QAM32-22dB-61.jpg,1
QAM32/QAM32-22dB-62.jpg,1
QAM32/QAM32-22dB-63.jpg,1
QAM32/QAM32-22dB-64.jpg,1
QAM32/QAM32-22dB-65.jpg,1
QAM32/QAM32-22dB-66.jpg,1
QAM32/QAM32-22dB-67.jpg,1
QAM32/QAM32-22dB-68.jpg,1
QAM32/QAM32-22dB-69.jpg,1
QAM32/QAM32-22dB-7.jpg,1
QAM32/QAM32-22dB-70.jpg,1
QAM32/QAM32-22dB-71.jpg,1
QAM32/QAM32-22dB-72.jpg,1
QAM32/QAM32-22dB-73.jpg,1
QAM32/QAM32-22dB-74.jpg,1
QAM32/QAM32-22dB-75.jpg,1
QAM32/QAM32-22dB-8.jpg,1
QAM32/QAM32-22dB-9.jpg,1
QAM32/QAM32-23dB-1.jpg,1
QAM32/QAM32-23dB-10.jpg,1
QAM32/QAM32-23dB-11.jpg,1
QAM32/QAM32-23dB-12.jpg,1
QAM32/QAM32-23dB-13.jpg,1
QAM32/QAM32-23dB-14.jpg,1
QAM32/QAM32-23dB-15.jpg,1
QAM32/QAM32-23dB-16.jpg,1
QAM32/QAM32-23dB-17.jpg,1
QAM32/QAM32-23dB-18.jpg,1
QAM32/QAM32-23dB-19.jpg,1
QAM32/QAM32-23dB-2.jpg,1
QAM32/QAM32-23dB-20.jpg,1
QAM32/QAM32-23dB-21.jpg,1
QAM32/QAM32-23dB-22.jpg,1
QAM32/QAM32-23dB-23.jpg,1
QAM32/QAM32-23dB-24.jpg,1
QAM32/QAM32-23dB-25.jpg,1
QAM32/QAM32-23dB-26.jpg,1
QAM32/QAM32-23dB-27.jpg,1
QAM32/QAM32-23dB-28.jpg,1
QAM32/QAM32-23dB-29.jpg,1
QAM32/QAM32-23dB-3.jpg,1
QAM32/QAM32-23dB-30.jpg,1
QAM32/QAM32-23dB-31.jpg,1
QAM32/QAM32-23dB-32.jpg,1
QAM32/QAM32-23dB-33.jpg,1
QAM32/QAM32-23dB-34.jpg,1
QAM32/QAM32-23dB-35.jpg,1
QAM32/QAM32-23dB-36.jpg,1
QAM32/QAM32-23dB-37.jpg,1
QAM32/QAM32-23dB-38.jpg,1
QAM32/QAM32-23dB-39.jpg,1
QAM32/QAM32-23dB-4.jpg,1
QAM32/QAM32-23dB-40.jpg,1
QAM32/QAM32-23dB-41.jpg,1
QAM32/QAM32-23dB-42.jpg,1
QAM32/QAM32-23dB-43.jpg,1
QAM32/QAM32-23dB-44.jpg,1
QAM32/QAM32-23dB-45.jpg,1
QAM32/QAM32-23dB-46.jpg,1
QAM32/QAM32-23dB-47.jpg,1
QAM32/QAM32-23dB-48.jpg,1
QAM32/QAM32-23dB-49.jpg,1
QAM32/QAM32-23dB-5.jpg,1
QAM32/QAM32-23dB-50.jpg,1
QAM32/QAM32-23dB-51.jpg,1
QAM32/QAM32-23dB-52.jpg,1
QAM32/QAM32-23dB-53.jpg,1
QAM32/QAM32-23dB-54.jpg,1
QAM32/QAM32-23dB-55.jpg,1
QAM32/QAM32-23dB-56.jpg,1
QAM32/QAM32-23dB-57.jpg,1
QAM32/QAM32-23dB-58.jpg,1
QAM32/QAM32-23dB-59.jpg,1
QAM32/QAM32-23dB-6.jpg,1
QAM32/QAM32-23dB-60.jpg,1
QAM32/QAM32-23dB-61.jpg,1
QAM32/QAM32-23dB-62.jpg,1
QAM32/QAM32-23dB-63.jpg,1
QAM32/QAM32-23dB-64.jpg,1
QAM32/QAM32-23dB-65.jpg,1
QAM32/QAM32-23dB-66.jpg,1
QAM32/QAM32-23dB-67.jpg,1
QAM32/QAM32-23dB-68.jpg,1
QAM32/QAM32-23dB-69.jpg,1
QAM32/QAM32-23dB-7.jpg,1
QAM32/QAM32-23dB-70.jpg,1
QAM32/QAM32-23dB-71.jpg,1
QAM32/QAM32-23dB-72.jpg,1
QAM32/QAM32-23dB-73.jpg,1
QAM32/QAM32-23dB-74.jpg,1
QAM32/QAM32-23dB-75.jpg,1
QAM32/QAM32-23dB-8.jpg,1
QAM32/QAM32-23dB-9.jpg,1
QAM32/QAM32-24dB-1.jpg,1
QAM32/QAM32-24dB-10.jpg,1
QAM32/QAM32-24dB-11.jpg,1
QAM32/QAM32-24dB-12.jpg,1
QAM32/QAM32-24dB-13.jpg,1
QAM32/QAM32-24dB-14.jpg,1
QAM32/QAM32-24dB-15.jpg,1
QAM32/QAM32-24dB-16.jpg,1
QAM32/QAM32-24dB-17.jpg,1
QAM32/QAM32-24dB-18.jpg,1
QAM32/QAM32-24dB-19.jpg,1
QAM32/QAM32-24dB-2.jpg,1
QAM32/QAM32-24dB-20.jpg,1
QAM32/QAM32-24dB-21.jpg,1
QAM32/QAM32-24dB-22.jpg,1
QAM32/QAM32-24dB-23.jpg,1
QAM32/QAM32-24dB-24.jpg,1
QAM32/QAM32-24dB-25.jpg,1
QAM32/QAM32-24dB-26.jpg,1
QAM32/QAM32-24dB-27.jpg,1
QAM32/QAM32-24dB-28.jpg,1
QAM32/QAM32-24dB-29.jpg,1
QAM32/QAM32-24dB-3.jpg,1
QAM32/QAM32-24dB-30.jpg,1
QAM32/QAM32-24dB-31.jpg,1
QAM32/QAM32-24dB-32.jpg,1
QAM32/QAM32-24dB-33.jpg,1
QAM32/QAM32-24dB-34.jpg,1
QAM32/QAM32-24dB-35.jpg,1
QAM32/QAM32-24dB-36.jpg,1
QAM32/QAM32-24dB-37.jpg,1
QAM32/QAM32-24dB-38.jpg,1
QAM32/QAM32-24dB-39.jpg,1
QAM32/QAM32-24dB-4.jpg,1
QAM32/QAM32-24dB-40.jpg,1
QAM32/QAM32-24dB-41.jpg,1
QAM32/QAM32-24dB-42.jpg,1
QAM32/QAM32-24dB-43.jpg,1
QAM32/QAM32-24dB-44.jpg,1
QAM32/QAM32-24dB-45.jpg,1
QAM32/QAM32-24dB-46.jpg,1
QAM32/QAM32-24dB-47.jpg,1
QAM32/QAM32-24dB-48.jpg,1
QAM32/QAM32-24dB-49.jpg,1
QAM32/QAM32-24dB-5.jpg,1
QAM32/QAM32-24dB-50.jpg,1
QAM32/QAM32-24dB-51.jpg,1
QAM32/QAM32-24dB-52.jpg,1
QAM32/QAM32-24dB-53.jpg,1
QAM32/QAM32-24dB-54.jpg,1
QAM32/QAM32-24dB-55.jpg,1
QAM32/QAM32-24dB-56.jpg,1
QAM32/QAM32-24dB-57.jpg,1
QAM32/QAM32-24dB-58.jpg,1
QAM32/QAM32-24dB-59.jpg,1
QAM32/QAM32-24dB-6.jpg,1
QAM32/QAM32-24dB-60.jpg,1
QAM32/QAM32-24dB-61.jpg,1
QAM32/QAM32-24dB-62.jpg,1
QAM32/QAM32-24dB-63.jpg,1
QAM32/QAM32-24dB-64.jpg,1
QAM32/QAM32-24dB-65.jpg,1
QAM32/QAM32-24dB-66.jpg,1
QAM32/QAM32-24dB-67.jpg,1
QAM32/QAM32-24dB-68.jpg,1
QAM32/QAM32-24dB-69.jpg,1
QAM32/QAM32-24dB-7.jpg,1
QAM32/QAM32-24dB-70.jpg,1
QAM32/QAM32-24dB-71.jpg,1
QAM32/QAM32-24dB-72.jpg,1
QAM32/QAM32-24dB-73.jpg,1
QAM32/QAM32-24dB-74.jpg,1
QAM32/QAM32-24dB-75.jpg,1
QAM32/QAM32-24dB-8.jpg,1
QAM32/QAM32-24dB-9.jpg,1
QAM32/QAM32-25dB-1.jpg,1
QAM32/QAM32-25dB-10.jpg,1
QAM32/QAM32-25dB-11.jpg,1
QAM32/QAM32-25dB-12.jpg,1
QAM32/QAM32-25dB-13.jpg,1
QAM32/QAM32-25dB-14.jpg,1
QAM32/QAM32-25dB-15.jpg,1
QAM32/QAM32-25dB-16.jpg,1
QAM32/QAM32-25dB-17.jpg,1
QAM32/QAM32-25dB-18.jpg,1
QAM32/QAM32-25dB-19.jpg,1
QAM32/QAM32-25dB-2.jpg,1
QAM32/QAM32-25dB-20.jpg,1
QAM32/QAM32-25dB-21.jpg,1
QAM32/QAM32-25dB-22.jpg,1
QAM32/QAM32-25dB-23.jpg,1
QAM32/QAM32-25dB-24.jpg,1
QAM32/QAM32-25dB-25.jpg,1
QAM32/QAM32-25dB-26.jpg,1
QAM32/QAM32-25dB-27.jpg,1
QAM32/QAM32-25dB-28.jpg,1
QAM32/QAM32-25dB-29.jpg,1
QAM32/QAM32-25dB-3.jpg,1
QAM32/QAM32-25dB-30.jpg,1
QAM32/QAM32-25dB-31.jpg,1
QAM32/QAM32-25dB-32.jpg,1
QAM32/QAM32-25dB-33.jpg,1
QAM32/QAM32-25dB-34.jpg,1
QAM32/QAM32-25dB-35.jpg,1
QAM32/QAM32-25dB-36.jpg,1
QAM32/QAM32-25dB-37.jpg,1
QAM32/QAM32-25dB-38.jpg,1
QAM32/QAM32-25dB-39.jpg,1
QAM32/QAM32-25dB-4.jpg,1
QAM32/QAM32-25dB-40.jpg,1
QAM32/QAM32-25dB-41.jpg,1
QAM32/QAM32-25dB-42.jpg,1
QAM32/QAM32-25dB-43.jpg,1
QAM32/QAM32-25dB-44.jpg,1
QAM32/QAM32-25dB-45.jpg,1
QAM32/QAM32-25dB-46.jpg,1
QAM32/QAM32-25dB-47.jpg,1
QAM32/QAM32-25dB-48.jpg,1
QAM32/QAM32-25dB-49.jpg,1
QAM32/QAM32-25dB-5.jpg,1
QAM32/QAM32-25dB-50.jpg,1
QAM32/QAM32-25dB-51.jpg,1
QAM32/QAM32-25dB-52.jpg,1
QAM32/QAM32-25dB-53.jpg,1
QAM32/QAM32-25dB-54.jpg,1
QAM32/QAM32-25dB-55.jpg,1
QAM32/QAM32-25dB-56.jpg,1
QAM32/QAM32-25dB-57.jpg,1
QAM32/QAM32-25dB-58.jpg,1
QAM32/QAM32-25dB-59.jpg,1
QAM32/QAM32-25dB-6.jpg,1
QAM32/QAM32-25dB-60.jpg,1
QAM32/QAM32-25dB-61.jpg,1
QAM32/QAM32-25dB-62.jpg,1
QAM32/QAM32-25dB-63.jpg,1
QAM32/QAM32-25dB-64.jpg,1
QAM32/QAM32-25dB-65.jpg,1
QAM32/QAM32-25dB-66.jpg,1
QAM32/QAM32-25dB-67.jpg,1
QAM32/QAM32-25dB-68.jpg,1
QAM32/QAM32-25dB-69.jpg,1
QAM32/QAM32-25dB-7.jpg,1
QAM32/QAM32-25dB-70.jpg,1
QAM32/QAM32-25dB-71.jpg,1
QAM32/QAM32-25dB-72.jpg,1
QAM32/QAM32-25dB-73.jpg,1
QAM32/QAM32-25dB-74.jpg,1
QAM32/QAM32-25dB-75.jpg,1
QAM32/QAM32-25dB-8.jpg,1
QAM32/QAM32-25dB-9.jpg,1
QAM32/QAM32-26dB-1.jpg,1
QAM32/QAM32-26dB-10.jpg,1
QAM32/QAM32-26dB-11.jpg,1
QAM32/QAM32-26dB-12.jpg,1
QAM32/QAM32-26dB-13.jpg,1
QAM32/QAM32-26dB-14.jpg,1
QAM32/QAM32-26dB-15.jpg,1
QAM32/QAM32-26dB-16.jpg,1
QAM32/QAM32-26dB-17.jpg,1
QAM32/QAM32-26dB-18.jpg,1
QAM32/QAM32-26dB-19.jpg,1
QAM32/QAM32-26dB-2.jpg,1
QAM32/QAM32-26dB-20.jpg,1
QAM32/QAM32-26dB-21.jpg,1
QAM32/QAM32-26dB-22.jpg,1
QAM32/QAM32-26dB-23.jpg,1
QAM32/QAM32-26dB-24.jpg,1
QAM32/QAM32-26dB-25.jpg,1
QAM32/QAM32-26dB-26.jpg,1
QAM32/QAM32-26dB-27.jpg,1
QAM32/QAM32-26dB-28.jpg,1
QAM32/QAM32-26dB-29.jpg,1
QAM32/QAM32-26dB-3.jpg,1
QAM32/QAM32-26dB-30.jpg,1
QAM32/QAM32-26dB-31.jpg,1
QAM32/QAM32-26dB-32.jpg,1
QAM32/QAM32-26dB-33.jpg,1
QAM32/QAM32-26dB-34.jpg,1
QAM32/QAM32-26dB-35.jpg,1
QAM32/QAM32-26dB-36.jpg,1
QAM32/QAM32-26dB-37.jpg,1
QAM32/QAM32-26dB-38.jpg,1
QAM32/QAM32-26dB-39.jpg,1
QAM32/QAM32-26dB-4.jpg,1
QAM32/QAM32-26dB-40.jpg,1
QAM32/QAM32-26dB-41.jpg,1
QAM32/QAM32-26dB-42.jpg,1
QAM32/QAM32-26dB-43.jpg,1
QAM32/QAM32-26dB-44.jpg,1
QAM32/QAM32-26dB-45.jpg,1
QAM32/QAM32-26dB-46.jpg,1
QAM32/QAM32-26dB-47.jpg,1
QAM32/QAM32-26dB-48.jpg,1
QAM32/QAM32-26dB-49.jpg,1
QAM32/QAM32-26dB-5.jpg,1
QAM32/QAM32-26dB-50.jpg,1
QAM32/QAM32-26dB-51.jpg,1
QAM32/QAM32-26dB-52.jpg,1
QAM32/QAM32-26dB-53.jpg,1
QAM32/QAM32-26dB-54.jpg,1
QAM32/QAM32-26dB-55.jpg,1
QAM32/QAM32-26dB-56.jpg,1
QAM32/QAM32-26dB-57.jpg,1
QAM32/QAM32-26dB-58.jpg,1
QAM32/QAM32-26dB-59.jpg,1
QAM32/QAM32-26dB-6.jpg,1
QAM32/QAM32-26dB-60.jpg,1
QAM32/QAM32-26dB-61.jpg,1
QAM32/QAM32-26dB-62.jpg,1
QAM32/QAM32-26dB-63.jpg,1
QAM32/QAM32-26dB-64.jpg,1
QAM32/QAM32-26dB-65.jpg,1
QAM32/QAM32-26dB-66.jpg,1
QAM32/QAM32-26dB-67.jpg,1
QAM32/QAM32-26dB-68.jpg,1
QAM32/QAM32-26dB-69.jpg,1
QAM32/QAM32-26dB-7.jpg,1
QAM32/QAM32-26dB-70.jpg,1
QAM32/QAM32-26dB-71.jpg,1
QAM32/QAM32-26dB-72.jpg,1
QAM32/QAM32-26dB-73.jpg,1
QAM32/QAM32-26dB-74.jpg,1
QAM32/QAM32-26dB-75.jpg,1
QAM32/QAM32-26dB-8.jpg,1
QAM32/QAM32-26dB-9.jpg,1
QAM64/QAM64-20dB-1.jpg,2
QAM64/QAM64-20dB-10.jpg,2
QAM64/QAM64-20dB-11.jpg,2
QAM64/QAM64-20dB-12.jpg,2
QAM64/QAM64-20dB-13.jpg,2
QAM64/QAM64-20dB-14.jpg,2
QAM64/QAM64-20dB-15.jpg,2
QAM64/QAM64-20dB-16.jpg,2
QAM64/QAM64-20dB-17.jpg,2
QAM64/QAM64-20dB-18.jpg,2
QAM64/QAM64-20dB-19.jpg,2
QAM64/QAM64-20dB-2.jpg,2
QAM64/QAM64-20dB-20.jpg,2
QAM64/QAM64-20dB-21.jpg,2
QAM64/QAM64-20dB-22.jpg,2
QAM64/QAM64-20dB-23.jpg,2
QAM64/QAM64-20dB-24.jpg,2
QAM64/QAM64-20dB-25.jpg,2
QAM64/QAM64-20dB-26.jpg,2
QAM64/QAM64-20dB-27.jpg,2
QAM64/QAM64-20dB-28.jpg,2
QAM64/QAM64-20dB-29.jpg,2
QAM64/QAM64-20dB-3.jpg,2
QAM64/QAM64-20dB-30.jpg,2
QAM64/QAM64-20dB-31.jpg,2
QAM64/QAM64-20dB-32.jpg,2
QAM64/QAM64-20dB-33.jpg,2
QAM64/QAM64-20dB-34.jpg,2
QAM64/QAM64-20dB-35.jpg,2
QAM64/QAM64-20dB-36.jpg,2
QAM64/QAM64-20dB-37.jpg,2
QAM64/QAM64-20dB-38.jpg,2
QAM64/QAM64-20dB-39.jpg,2
QAM64/QAM64-20dB-4.jpg,2
QAM64/QAM64-20dB-40.jpg,2
QAM64/QAM64-20dB-41.jpg,2
QAM64/QAM64-20dB-42.jpg,2
QAM64/QAM64-20dB-43.jpg,2
QAM64/QAM64-20dB-44.jpg,2
QAM64/QAM64-20dB-45.jpg,2
QAM64/QAM64-20dB-46.jpg,2
QAM64/QAM64-20dB-47.jpg,2
QAM64/QAM64-20dB-48.jpg,2
QAM64/QAM64-20dB-49.jpg,2
QAM64/QAM64-20dB-5.jpg,2
QAM64/QAM64-20dB-50.jpg,2
QAM64/QAM64-20dB-51.jpg,2
QAM64/QAM64-20dB-52.jpg,2
QAM64/QAM64-20dB-53.jpg,2
QAM64/QAM64-20dB-54.jpg,2
QAM64/QAM64-20dB-55.jpg,2
QAM64/QAM64-20dB-56.jpg,2
QAM64/QAM64-20dB-57.jpg,2
QAM64/QAM64-20dB-58.jpg,2
QAM64/QAM64-20dB-59.jpg,2
QAM64/QAM64-20dB-6.jpg,2
QAM64/QAM64-20dB-60.jpg,2
QAM64/QAM64-20dB-61.jpg,2
QAM64/QAM64-20dB-62.jpg,2
QAM64/QAM64-20dB-63.jpg,2
QAM64/QAM64-20dB-64.jpg,2
QAM64/QAM64-20dB-65.jpg,2
QAM64/QAM64-20dB-66.jpg,2
QAM64/QAM64-20dB-67.jpg,2
QAM64/QAM64-20dB-68.jpg,2
QAM64/QAM64-20dB-69.jpg,2
QAM64/QAM64-20dB-7.jpg,2
QAM64/QAM64-20dB-70.jpg,2
QAM64/QAM64-20dB-71.jpg,2
QAM64/QAM64-20dB-72.jpg,2
QAM64/QAM64-20dB-73.jpg,2
QAM64/QAM64-20dB-74.jpg,2
QAM64/QAM64-20dB-75.jpg,2
QAM64/QAM64-20dB-8.jpg,2
QAM64/QAM64-20dB-9.jpg,2
QAM64/QAM64-21dB-1.jpg,2
QAM64/QAM64-21dB-10.jpg,2
QAM64/QAM64-21dB-11.jpg,2
QAM64/QAM64-21dB-12.jpg,2
QAM64/QAM64-21dB-13.jpg,2
QAM64/QAM64-21dB-14.jpg,2
QAM64/QAM64-21dB-15.jpg,2
QAM64/QAM64-21dB-16.jpg,2
QAM64/QAM64-21dB-17.jpg,2
QAM64/QAM64-21dB-18.jpg,2
QAM64/QAM64-21dB-19.jpg,2
QAM64/QAM64-21dB-2.jpg,2
QAM64/QAM64-21dB-20.jpg,2
QAM64/QAM64-21dB-21.jpg,2
QAM64/QAM64-21dB-22.jpg,2
QAM64/QAM64-21dB-23.jpg,2
QAM64/QAM64-21dB-24.jpg,2
QAM64/QAM64-21dB-25.jpg,2
QAM64/QAM64-21dB-26.jpg,2
QAM64/QAM64-21dB-27.jpg,2
QAM64/QAM64-21dB-28.jpg,2
QAM64/QAM64-21dB-29.jpg,2
QAM64/QAM64-21dB-3.jpg,2
QAM64/QAM64-21dB-30.jpg,2
QAM64/QAM64-21dB-31.jpg,2
QAM64/QAM64-21dB-32.jpg,2
QAM64/QAM64-21dB-33.jpg,2
QAM64/QAM64-21dB-34.jpg,2
QAM64/QAM64-21dB-35.jpg,2
QAM64/QAM64-21dB-36.jpg,2
QAM64/QAM64-21dB-37.jpg,2
QAM64/QAM64-21dB-38.jpg,2
QAM64/QAM64-21dB-39.jpg,2
QAM64/QAM64-21dB-4.jpg,2
QAM64/QAM64-21dB-40.jpg,2
QAM64/QAM64-21dB-41.jpg,2
QAM64/QAM64-21dB-42.jpg,2
QAM64/QAM64-21dB-43.jpg,2
QAM64/QAM64-21dB-44.jpg,2
QAM64/QAM64-21dB-45.jpg,2
QAM64/QAM64-21dB-46.jpg,2
QAM64/QAM64-21dB-47.jpg,2
QAM64/QAM64-21dB-48.jpg,2
QAM64/QAM64-21dB-49.jpg,2
QAM64/QAM64-21dB-5.jpg,2
QAM64/QAM64-21dB-50.jpg,2
QAM64/QAM64-21dB-51.jpg,2
QAM64/QAM64-21dB-52.jpg,2
QAM64/QAM64-21dB-53.jpg,2
QAM64/QAM64-21dB-54.jpg,2
QAM64/QAM64-21dB-55.jpg,2
QAM64/QAM64-21dB-56.jpg,2
QAM64/QAM64-21dB-57.jpg,2
QAM64/QAM64-21dB-58.jpg,2
QAM64/QAM64-21dB-59.jpg,2
QAM64/QAM64-21dB-6.jpg,2
QAM64/QAM64-21dB-60.jpg,2
QAM64/QAM64-21dB-61.jpg,2
QAM64/QAM64-21dB-62.jpg,2
QAM64/QAM64-21dB-63.jpg,2
QAM64/QAM64-21dB-64.jpg,2
QAM64/QAM64-21dB-65.jpg,2
QAM64/QAM64-21dB-66.jpg,2
QAM64/QAM64-21dB-67.jpg,2
QAM64/QAM64-21dB-68.jpg,2
QAM64/QAM64-21dB-69.jpg,2
QAM64/QAM64-21dB-7.jpg,2
QAM64/QAM64-21dB-70.jpg,2
QAM64/QAM64-21dB-71.jpg,2
QAM64/QAM64-21dB-72.jpg,2
QAM64/QAM64-21dB-73.jpg,2
QAM64/QAM64-21dB-74.jpg,2
QAM64/QAM64-21dB-75.jpg,2
QAM64/QAM64-21dB-8.jpg,2
QAM64/QAM64-21dB-9.jpg,2
QAM64/QAM64-22dB-1.jpg,2
QAM64/QAM64-22dB-10.jpg,2
QAM64/QAM64-22dB-11.jpg,2
QAM64/QAM64-22dB-12.jpg,2
QAM64/QAM64-22dB-13.jpg,2
QAM64/QAM64-22dB-14.jpg,2
QAM64/QAM64-22dB-15.jpg,2
QAM64/QAM64-22dB-16.jpg,2
QAM64/QAM64-22dB-17.jpg,2
QAM64/QAM64-22dB-18.jpg,2
QAM64/QAM64-22dB-19.jpg,2
QAM64/QAM64-22dB-2.jpg,2
QAM64/QAM64-22dB-20.jpg,2
QAM64/QAM64-22dB-21.jpg,2
QAM64/QAM64-22dB-22.jpg,2
QAM64/QAM64-22dB-23.jpg,2
QAM64/QAM64-22dB-24.jpg,2
QAM64/QAM64-22dB-25.jpg,2
QAM64/QAM64-22dB-26.jpg,2
QAM64/QAM64-22dB-27.jpg,2
QAM64/QAM64-22dB-28.jpg,2
QAM64/QAM64-22dB-29.jpg,2
QAM64/QAM64-22dB-3.jpg,2
QAM64/QAM64-22dB-30.jpg,2
QAM64/QAM64-22dB-31.jpg,2
QAM64/QAM64-22dB-32.jpg,2
QAM64/QAM64-22dB-33.jpg,2
QAM64/QAM64-22dB-34.jpg,2
QAM64/QAM64-22dB-35.jpg,2
QAM64/QAM64-22dB-36.jpg,2
QAM64/QAM64-22dB-37.jpg,2
QAM64/QAM64-22dB-38.jpg,2
QAM64/QAM64-22dB-39.jpg,2
QAM64/QAM64-22dB-4.jpg,2
QAM64/QAM64-22dB-40.jpg,2
QAM64/QAM64-22dB-41.jpg,2
QAM64/QAM64-22dB-42.jpg,2
QAM64/QAM64-22dB-43.jpg,2
QAM64/QAM64-22dB-44.jpg,2
QAM64/QAM64-22dB-45.jpg,2
QAM64/QAM64-22dB-46.jpg,2
QAM64/QAM64-22dB-47.jpg,2
QAM64/QAM64-22dB-48.jpg,2
QAM64/QAM64-22dB-49.jpg,2
QAM64/QAM64-22dB-5.jpg,2
QAM64/QAM64-22dB-50.jpg,2
QAM64/QAM64-22dB-51.jpg,2
QAM64/QAM64-22dB-52.jpg,2
QAM64/QAM64-22dB-53.jpg,2
QAM64/QAM64-22dB-54.jpg,2
QAM64/QAM64-22dB-55.jpg,2
QAM64/QAM64-22dB-56.jpg,2
QAM64/QAM64-22dB-57.jpg,2
QAM64/QAM64-22dB-58.jpg,2
QAM64/QAM64-22dB-59.jpg,2
QAM64/QAM64-22dB-6.jpg,2
QAM64/QAM64-22dB-60.jpg,2
QAM64/QAM64-22dB-61.jpg,2
QAM64/QAM64-22dB-62.jpg,2
QAM64/QAM64-22dB-63.jpg,2
QAM64/QAM64-22dB-64.jpg,2
QAM64/QAM64-22dB-65.jpg,2
QAM64/QAM64-22dB-66.jpg,2
QAM64/QAM64-22dB-67.jpg,2
QAM64/QAM64-22dB-68.jpg,2
QAM64/QAM64-22dB-69.jpg,2
QAM64/QAM64-22dB-7.jpg,2
QAM64/QAM64-22dB-70.jpg,2
QAM64/QAM64-22dB-71.jpg,2
QAM64/QAM64-22dB-72.jpg,2
QAM64/QAM64-22dB-73.jpg,2
QAM64/QAM64-22dB-74.jpg,2
QAM64/QAM64-22dB-75.jpg,2
QAM64/QAM64-22dB-8.jpg,2
QAM64/QAM64-22dB-9.jpg,2
QAM64/QAM64-23dB-1.jpg,2
QAM64/QAM64-23dB-10.jpg,2
QAM64/QAM64-23dB-11.jpg,2
QAM64/QAM64-23dB-12.jpg,2
QAM64/QAM64-23dB-13.jpg,2
QAM64/QAM64-23dB-14.jpg,2
QAM64/QAM64-23dB-15.jpg,2
QAM64/QAM64-23dB-16.jpg,2
QAM64/QAM64-23dB-17.jpg,2
QAM64/QAM64-23dB-18.jpg,2
QAM64/QAM64-23dB-19.jpg,2
QAM64/QAM64-23dB-2.jpg,2
QAM64/QAM64-23dB-20.jpg,2
QAM64/QAM64-23dB-21.jpg,2
QAM64/QAM64-23dB-22.jpg,2
QAM64/QAM64-23dB-23.jpg,2
QAM64/QAM64-23dB-24.jpg,2
QAM64/QAM64-23dB-25.jpg,2
QAM64/QAM64-23dB-26.jpg,2
QAM64/QAM64-23dB-27.jpg,2
QAM64/QAM64-23dB-28.jpg,2
QAM64/QAM64-23dB-29.jpg,2
QAM64/QAM64-23dB-3.jpg,2
QAM64/QAM64-23dB-30.jpg,2
QAM64/QAM64-23dB-31.jpg,2
QAM64/QAM64-23dB-32.jpg,2
QAM64/QAM64-23dB-33.jpg,2
QAM64/QAM64-23dB-34.jpg,2
QAM64/QAM64-23dB-35.jpg,2
QAM64/QAM64-23dB-36.jpg,2
QAM64/QAM64-23dB-37.jpg,2
QAM64/QAM64-23dB-38.jpg,2
QAM64/QAM64-23dB-39.jpg,2
QAM64/QAM64-23dB-4.jpg,2
QAM64/QAM64-23dB-40.jpg,2
QAM64/QAM64-23dB-41.jpg,2
QAM64/QAM64-23dB-42.jpg,2
QAM64/QAM64-23dB-43.jpg,2
QAM64/QAM64-23dB-44.jpg,2
QAM64/QAM64-23dB-45.jpg,2
QAM64/QAM64-23dB-46.jpg,2
QAM64/QAM64-23dB-47.jpg,2
QAM64/QAM64-23dB-48.jpg,2
QAM64/QAM64-23dB-49.jpg,2
QAM64/QAM64-23dB-5.jpg,2
QAM64/QAM64-23dB-50.jpg,2
QAM64/QAM64-23dB-51.jpg,2
QAM64/QAM64-23dB-52.jpg,2
QAM64/QAM64-23dB-53.jpg,2
QAM64/QAM64-23dB-54.jpg,2
QAM64/QAM64-23dB-55.jpg,2
QAM64/QAM64-23dB-56.jpg,2
QAM64/QAM64-23dB-57.jpg,2
QAM64/QAM64-23dB-58.jpg,2
QAM64/QAM64-23dB-59.jpg,2
QAM64/QAM64-23dB-6.jpg,2
QAM64/QAM64-23dB-60.jpg,2
QAM64/QAM64-23dB-61.jpg,2
QAM64/QAM64-23dB-62.jpg,2
QAM64/QAM64-23dB-63.jpg,2
QAM64/QAM64-23dB-64.jpg,2
QAM64/QAM64-23dB-65.jpg,2
QAM64/QAM64-23dB-66.jpg,2
QAM64/QAM64-23dB-67.jpg,2
QAM64/QAM64-23dB-68.jpg,2
QAM64/QAM64-23dB-69.jpg,2
QAM64/QAM64-23dB-7.jpg,2
QAM64/QAM64-23dB-70.jpg,2
QAM64/QAM64-23dB-71.jpg,2
QAM64/QAM64-23dB-72.jpg,2
QAM64/QAM64-23dB-73.jpg,2
QAM64/QAM64-23dB-74.jpg,2
QAM64/QAM64-23dB-75.jpg,2
QAM64/QAM64-23dB-8.jpg,2
QAM64/QAM64-23dB-9.jpg,2
QAM64/QAM64-24dB-1.jpg,2
QAM64/QAM64-24dB-10.jpg,2
QAM64/QAM64-24dB-11.jpg,2
QAM64/QAM64-24dB-12.jpg,2
QAM64/QAM64-24dB-13.jpg,2
QAM64/QAM64-24dB-14.jpg,2
QAM64/QAM64-24dB-15.jpg,2
QAM64/QAM64-24dB-16.jpg,2
QAM64/QAM64-24dB-17.jpg,2
QAM64/QAM64-24dB-18.jpg,2
QAM64/QAM64-24dB-19.jpg,2
QAM64/QAM64-24dB-2.jpg,2
QAM64/QAM64-24dB-20.jpg,2
QAM64/QAM64-24dB-21.jpg,2
QAM64/QAM64-24dB-22.jpg,2
QAM64/QAM64-24dB-23.jpg,2
QAM64/QAM64-24dB-24.jpg,2
QAM64/QAM64-24dB-25.jpg,2
QAM64/QAM64-24dB-26.jpg,2
QAM64/QAM64-24dB-27.jpg,2
QAM64/QAM64-24dB-28.jpg,2
QAM64/QAM64-24dB-29.jpg,2
QAM64/QAM64-24dB-3.jpg,2
QAM64/QAM64-24dB-30.jpg,2
QAM64/QAM64-24dB-31.jpg,2
QAM64/QAM64-24dB-32.jpg,2
QAM64/QAM64-24dB-33.jpg,2
QAM64/QAM64-24dB-34.jpg,2
QAM64/QAM64-24dB-35.jpg,2
QAM64/QAM64-24dB-36.jpg,2
QAM64/QAM64-24dB-37.jpg,2
QAM64/QAM64-24dB-38.jpg,2
QAM64/QAM64-24dB-39.jpg,2
QAM64/QAM64-24dB-4.jpg,2
QAM64/QAM64-24dB-40.jpg,2
QAM64/QAM64-24dB-41.jpg,2
QAM64/QAM64-24dB-42.jpg,2
QAM64/QAM64-24dB-43.jpg,2
QAM64/QAM64-24dB-44.jpg,2
QAM64/QAM64-24dB-45.jpg,2
QAM64/QAM64-24dB-46.jpg,2
QAM64/QAM64-24dB-47.jpg,2
QAM64/QAM64-24dB-48.jpg,2
QAM64/QAM64-24dB-49.jpg,2
QAM64/QAM64-24dB-5.jpg,2
QAM64/QAM64-24dB-50.jpg,2
QAM64/QAM64-24dB-51.jpg,2
QAM64/QAM64-24dB-52.jpg,2
QAM64/QAM64-24dB-53.jpg,2
QAM64/QAM64-24dB-54.jpg,2
QAM64/QAM64-24dB-55.jpg,2
QAM64/QAM64-24dB-56.jpg,2
QAM64/QAM64-24dB-57.jpg,2
QAM64/QAM64-24dB-58.jpg,2
QAM64/QAM64-24dB-59.jpg,2
QAM64/QAM64-24dB-6.jpg,2
QAM64/QAM64-24dB-60.jpg,2
QAM64/QAM64-24dB-61.jpg,2
QAM64/QAM64-24dB-62.jpg,2
QAM64/QAM64-24dB-63.jpg,2
QAM64/QAM64-24dB-64.jpg,2
QAM64/QAM64-24dB-65.jpg,2
QAM64/QAM64-24dB-66.jpg,2
QAM64/QAM64-24dB-67.jpg,2
QAM64/QAM64-24dB-68.jpg,2
QAM64/QAM64-24dB-69.jpg,2
QAM64/QAM64-24dB-7.jpg,2
QAM64/QAM64-24dB-70.jpg,2
QAM64/QAM64-24dB-71.jpg,2
QAM64/QAM64-24dB-72.jpg,2
QAM64/QAM64-24dB-73.jpg,2
QAM64/QAM64-24dB-74.jpg,2
QAM64/QAM64-24dB-75.jpg,2
QAM64/QAM64-24dB-8.jpg,2
QAM64/QAM64-24dB-9.jpg,2
QAM64/QAM64-25dB-1.jpg,2
QAM64/QAM64-25dB-10.jpg,2
QAM64/QAM64-25dB-11.jpg,2
QAM64/QAM64-25dB-12.jpg,2
QAM64/QAM64-25dB-13.jpg,2
QAM64/QAM64-25dB-14.jpg,2
QAM64/QAM64-25dB-15.jpg,2
QAM64/QAM64-25dB-16.jpg,2
QAM64/QAM64-25dB-17.jpg,2
QAM64/QAM64-25dB-18.jpg,2
QAM64/QAM64-25dB-19.jpg,2
QAM64/QAM64-25dB-2.jpg,2
QAM64/QAM64-25dB-20.jpg,2
QAM64/QAM64-25dB-21.jpg,2
QAM64/QAM64-25dB-22.jpg,2
QAM64/QAM64-25dB-23.jpg,2
QAM64/QAM64-25dB-24.jpg,2
QAM64/QAM64-25dB-25.jpg,2
QAM64/QAM64-25dB-26.jpg,2
QAM64/QAM64-25dB-27.jpg,2
QAM64/QAM64-25dB-28.jpg,2
QAM64/QAM64-25dB-29.jpg,2
QAM64/QAM64-25dB-3.jpg,2
QAM64/QAM64-25dB-30.jpg,2
QAM64/QAM64-25dB-31.jpg,2
QAM64/QAM64-25dB-32.jpg,2
QAM64/QAM64-25dB-33.jpg,2
QAM64/QAM64-25dB-34.jpg,2
QAM64/QAM64-25dB-35.jpg,2
QAM64/QAM64-25dB-36.jpg,2
QAM64/QAM64-25dB-37.jpg,2
QAM64/QAM64-25dB-38.jpg,2
QAM64/QAM64-25dB-39.jpg,2
QAM64/QAM64-25dB-4.jpg,2
QAM64/QAM64-25dB-40.jpg,2
QAM64/QAM64-25dB-41.jpg,2
QAM64/QAM64-25dB-42.jpg,2
QAM64/QAM64-25dB-43.jpg,2
QAM64/QAM64-25dB-44.jpg,2
QAM64/QAM64-25dB-45.jpg,2
QAM64/QAM64-25dB-46.jpg,2
QAM64/QAM64-25dB-47.jpg,2
QAM64/QAM64-25dB-48.jpg,2
QAM64/QAM64-25dB-49.jpg,2
QAM64/QAM64-25dB-5.jpg,2
QAM64/QAM64-25dB-50.jpg,2
QAM64/QAM64-25dB-51.jpg,2
QAM64/QAM64-25dB-52.jpg,2
QAM64/QAM64-25dB-53.jpg,2
QAM64/QAM64-25dB-54.jpg,2
QAM64/QAM64-25dB-55.jpg,2
QAM64/QAM64-25dB-56.jpg,2
QAM64/QAM64-25dB-57.jpg,2
QAM64/QAM64-25dB-58.jpg,2
QAM64/QAM64-25dB-59.jpg,2
QAM64/QAM64-25dB-6.jpg,2
QAM64/QAM64-25dB-60.jpg,2
QAM64/QAM64-25dB-61.jpg,2
QAM64/QAM64-25dB-62.jpg,2
QAM64/QAM64-25dB-63.jpg,2
QAM64/QAM64-25dB-64.jpg,2
QAM64/QAM64-25dB-65.jpg,2
QAM64/QAM64-25dB-66.jpg,2
QAM64/QAM64-25dB-67.jpg,2
QAM64/QAM64-25dB-68.jpg,2
QAM64/QAM64-25dB-69.jpg,2
QAM64/QAM64-25dB-7.jpg,2
QAM64/QAM64-25dB-70.jpg,2
QAM64/QAM64-25dB-71.jpg,2
QAM64/QAM64-25dB-72.jpg,2
QAM64/QAM64-25dB-73.jpg,2
QAM64/QAM64-25dB-74.jpg,2
QAM64/QAM64-25dB-75.jpg,2
QAM64/QAM64-25dB-8.jpg,2
QAM64/QAM64-25dB-9.jpg,2
QAM64/QAM64-26dB-1.jpg,2
QAM64/QAM64-26dB-10.jpg,2
QAM64/QAM64-26dB-11.jpg,2
QAM64/QAM64-26dB-12.jpg,2
QAM64/QAM64-26dB-13.jpg,2
QAM64/QAM64-26dB-14.jpg,2
QAM64/QAM64-26dB-15.jpg,2
QAM64/QAM64-26dB-16.jpg,2
QAM64/QAM64-26dB-17.jpg,2
QAM64/QAM64-26dB-18.jpg,2
QAM64/QAM64-26dB-19.jpg,2
QAM64/QAM64-26dB-2.jpg,2
QAM64/QAM64-26dB-20.jpg,2
QAM64/QAM64-26dB-21.jpg,2
QAM64/QAM64-26dB-22.jpg,2
QAM64/QAM64-26dB-23.jpg,2
QAM64/QAM64-26dB-24.jpg,2
QAM64/QAM64-26dB-25.jpg,2
QAM64/QAM64-26dB-26.jpg,2
QAM64/QAM64-26dB-27.jpg,2
QAM64/QAM64-26dB-28.jpg,2
QAM64/QAM64-26dB-29.jpg,2
QAM64/QAM64-26dB-3.jpg,2
QAM64/QAM64-26dB-30.jpg,2
QAM64/QAM64-26dB-31.jpg,2
QAM64/QAM64-26dB-32.jpg,2
QAM64/QAM64-26dB-33.jpg,2
QAM64/QAM64-26dB-34.jpg,2
QAM64/QAM64-26dB-35.jpg,2
QAM64/QAM64-26dB-36.jpg,2
QAM64/QAM64-26dB-37.jpg,2
QAM64/QAM64-26dB-38.jpg,2
QAM64/QAM64-26dB-39.jpg,2
QAM64/QAM64-26dB-4.jpg,2
QAM64/QAM64-26dB-40.jpg,2
QAM64/QAM64-26dB-41.jpg,2
QAM64/QAM64-26dB-42.jpg,2
QAM64/QAM64-26dB-43.jpg,2
QAM64/QAM64-26dB-44.jpg,2
QAM64/QAM64-26dB-45.jpg,2
QAM64/QAM64-26dB-46.jpg,2
QAM64/QAM64-26dB-47.jpg,2
QAM64/QAM64-26dB-48.jpg,2
QAM64/QAM64-26dB-49.jpg,2
QAM64/QAM64-26dB-5.jpg,2
QAM64/QAM64-26dB-50.jpg,2
QAM64/QAM64-26dB-51.jpg,2
QAM64/QAM64-26dB-52.jpg,2
QAM64/QAM64-26dB-53.jpg,2
QAM64/QAM64-26dB-54.jpg,2
QAM64/QAM64-26dB-55.jpg,2
QAM64/QAM64-26dB-56.jpg,2
QAM64/QAM64-26dB-57.jpg,2
QAM64/QAM64-26dB-58.jpg,2
QAM64/QAM64-26dB-59.jpg,2
QAM64/QAM64-26dB-6.jpg,2
QAM64/QAM64-26dB-60.jpg,2
QAM64/QAM64-26dB-61.jpg,2
QAM64/QAM64-26dB-62.jpg,2
QAM64/QAM64-26dB-63.jpg,2
QAM64/QAM64-26dB-64.jpg,2
QAM64/QAM64-26dB-65.jpg,2
QAM64/QAM64-26dB-66.jpg,2
QAM64/QAM64-26dB-67.jpg,2
QAM64/QAM64-26dB-68.jpg,2
QAM64/QAM64-26dB-69.jpg,2
QAM64/QAM64-26dB-7.jpg,2
QAM64/QAM64-26dB-70.jpg,2
QAM64/QAM64-26dB-71.jpg,2
QAM64/QAM64-26dB-72.jpg,2
QAM64/QAM64-26dB-73.jpg,2
QAM64/QAM64-26dB-74.jpg,2
QAM64/QAM64-26dB-75.jpg,2
QAM64/QAM64-26dB-8.jpg,2
QAM64/QAM64-26dB-9.jpg,2
QAM64/QAM64-27dB-1.jpg,2
QAM64/QAM64-27dB-10.jpg,2
QAM64/QAM64-27dB-11.jpg,2
QAM64/QAM64-27dB-12.jpg,2
QAM64/QAM64-27dB-13.jpg,2
QAM64/QAM64-27dB-14.jpg,2
QAM64/QAM64-27dB-15.jpg,2
QAM64/QAM64-27dB-16.jpg,2
QAM64/QAM64-27dB-17.jpg,2
QAM64/QAM64-27dB-18.jpg,2
QAM64/QAM64-27dB-19.jpg,2
QAM64/QAM64-27dB-2.jpg,2
QAM64/QAM64-27dB-20.jpg,2
QAM64/QAM64-27dB-21.jpg,2
QAM64/QAM64-27dB-22.jpg,2
QAM64/QAM64-27dB-23.jpg,2
QAM64/QAM64-27dB-24.jpg,2
QAM64/QAM64-27dB-25.jpg,2
QAM64/QAM64-27dB-26.jpg,2
QAM64/QAM64-27dB-27.jpg,2
QAM64/QAM64-27dB-28.jpg,2
QAM64/QAM64-27dB-29.jpg,2
QAM64/QAM64-27dB-3.jpg,2
QAM64/QAM64-27dB-30.jpg,2
QAM64/QAM64-27dB-31.jpg,2
QAM64/QAM64-27dB-32.jpg,2
QAM64/QAM64-27dB-33.jpg,2
QAM64/QAM64-27dB-34.jpg,2
QAM64/QAM64-27dB-35.jpg,2
QAM64/QAM64-27dB-36.jpg,2
QAM64/QAM64-27dB-37.jpg,2
QAM64/QAM64-27dB-38.jpg,2
QAM64/QAM64-27dB-39.jpg,2
QAM64/QAM64-27dB-4.jpg,2
QAM64/QAM64-27dB-40.jpg,2
QAM64/QAM64-27dB-41.jpg,2
QAM64/QAM64-27dB-42.jpg,2
QAM64/QAM64-27dB-43.jpg,2
QAM64/QAM64-27dB-44.jpg,2
QAM64/QAM64-27dB-45.jpg,2
QAM64/QAM64-27dB-46.jpg,2
QAM64/QAM64-27dB-47.jpg,2
QAM64/QAM64-27dB-48.jpg,2
QAM64/QAM64-27dB-49.jpg,2
QAM64/QAM64-27dB-5.jpg,2
QAM64/QAM64-27dB-50.jpg,2
QAM64/QAM64-27dB-51.jpg,2
QAM64/QAM64-27dB-52.jpg,2
QAM64/QAM64-27dB-53.jpg,2
QAM64/QAM64-27dB-54.jpg,2
QAM64/QAM64-27dB-55.jpg,2
QAM64/QAM64-27dB-56.jpg,2
QAM64/QAM64-27dB-57.jpg,2
QAM64/QAM64-27dB-58.jpg,2
QAM64/QAM64-27dB-59.jpg,2
QAM64/QAM64-27dB-6.jpg,2
QAM64/QAM64-27dB-60.jpg,2
QAM64/QAM64-27dB-61.jpg,2
QAM64/QAM64-27dB-62.jpg,2
QAM64/QAM64-27dB-63.jpg,2
QAM64/QAM64-27dB-64.jpg,2
QAM64/QAM64-27dB-65.jpg,2
QAM64/QAM64-27dB-66.jpg,2
QAM64/QAM64-27dB-67.jpg,2
QAM64/QAM64-27dB-68.jpg,2
QAM64/QAM64-27dB-69.jpg,2
QAM64/QAM64-27dB-7.jpg,2
QAM64/QAM64-27dB-70.jpg,2
QAM64/QAM64-27dB-71.jpg,2
QAM64/QAM64-27dB-72.jpg,2
QAM64/QAM64-27dB-73.jpg,2
QAM64/QAM64-27dB-74.jpg,2
QAM64/QAM64-27dB-75.jpg,2
QAM64/QAM64-27dB-8.jpg,2
QAM64/QAM64-27dB-9.jpg,2
QAM64/QAM64-28dB-1.jpg,2
QAM64/QAM64-28dB-10.jpg,2
QAM64/QAM64-28dB-11.jpg,2
QAM64/QAM64-28dB-12.jpg,2
QAM64/QAM64-28dB-13.jpg,2
QAM64/QAM64-28dB-14.jpg,2
QAM64/QAM64-28dB-15.jpg,2
QAM64/QAM64-28dB-16.jpg,2
QAM64/QAM64-28dB-17.jpg,2
QAM64/QAM64-28dB-18.jpg,2
QAM64/QAM64-28dB-19.jpg,2
QAM64/QAM64-28dB-2.jpg,2
QAM64/QAM64-28dB-20.jpg,2
QAM64/QAM64-28dB-21.jpg,2
QAM64/QAM64-28dB-22.jpg,2
QAM64/QAM64-28dB-23.jpg,2
QAM64/QAM64-28dB-24.jpg,2
QAM64/QAM64-28dB-25.jpg,2
QAM64/QAM64-28dB-26.jpg,2
QAM64/QAM64-28dB-27.jpg,2
QAM64/QAM64-28dB-28.jpg,2
QAM64/QAM64-28dB-29.jpg,2
QAM64/QAM64-28dB-3.jpg,2
QAM64/QAM64-28dB-30.jpg,2
QAM64/QAM64-28dB-31.jpg,2
QAM64/QAM64-28dB-32.jpg,2
QAM64/QAM64-28dB-33.jpg,2
QAM64/QAM64-28dB-34.jpg,2
QAM64/QAM64-28dB-35.jpg,2
QAM64/QAM64-28dB-36.jpg,2
QAM64/QAM64-28dB-37.jpg,2
QAM64/QAM64-28dB-38.jpg,2
QAM64/QAM64-28dB-39.jpg,2
QAM64/QAM64-28dB-4.jpg,2
QAM64/QAM64-28dB-40.jpg,2
QAM64/QAM64-28dB-41.jpg,2
QAM64/QAM64-28dB-42.jpg,2
QAM64/QAM64-28dB-43.jpg,2
QAM64/QAM64-28dB-44.jpg,2
QAM64/QAM64-28dB-45.jpg,2
QAM64/QAM64-28dB-46.jpg,2
QAM64/QAM64-28dB-47.jpg,2
QAM64/QAM64-28dB-48.jpg,2
QAM64/QAM64-28dB-49.jpg,2
QAM64/QAM64-28dB-5.jpg,2
QAM64/QAM64-28dB-50.jpg,2
QAM64/QAM64-28dB-51.jpg,2
QAM64/QAM64-28dB-52.jpg,2
QAM64/QAM64-28dB-53.jpg,2
QAM64/QAM64-28dB-54.jpg,2
QAM64/QAM64-28dB-55.jpg,2
QAM64/QAM64-28dB-56.jpg,2
QAM64/QAM64-28dB-57.jpg,2
QAM64/QAM64-28dB-58.jpg,2
QAM64/QAM64-28dB-59.jpg,2
QAM64/QAM64-28dB-6.jpg,2
QAM64/QAM64-28dB-60.jpg,2
QAM64/QAM64-28dB-61.jpg,2
QAM64/QAM64-28dB-62.jpg,2
QAM64/QAM64-28dB-63.jpg,2
QAM64/QAM64-28dB-64.jpg,2
QAM64/QAM64-28dB-65.jpg,2
QAM64/QAM64-28dB-66.jpg,2
QAM64/QAM64-28dB-67.jpg,2
QAM64/QAM64-28dB-68.jpg,2
QAM64/QAM64-28dB-69.jpg,2
QAM64/QAM64-28dB-7.jpg,2
QAM64/QAM64-28dB-70.jpg,2
QAM64/QAM64-28dB-71.jpg,2
QAM64/QAM64-28dB-72.jpg,2
QAM64/QAM64-28dB-73.jpg,2
QAM64/QAM64-28dB-74.jpg,2
QAM64/QAM64-28dB-75.jpg,2
QAM64/QAM64-28dB-8.jpg,2
QAM64/QAM64-28dB-9.jpg,2
QAM64/QAM64-29dB-1.jpg,2
QAM64/QAM64-29dB-10.jpg,2
QAM64/QAM64-29dB-11.jpg,2
QAM64/QAM64-29dB-12.jpg,2
QAM64/QAM64-29dB-13.jpg,2
QAM64/QAM64-29dB-14.jpg,2
QAM64/QAM64-29dB-15.jpg,2
QAM64/QAM64-29dB-16.jpg,2
QAM64/QAM64-29dB-17.jpg,2
QAM64/QAM64-29dB-18.jpg,2
QAM64/QAM64-29dB-19.jpg,2
QAM64/QAM64-29dB-2.jpg,2
QAM64/QAM64-29dB-20.jpg,2
QAM64/QAM64-29dB-21.jpg,2
QAM64/QAM64-29dB-22.jpg,2
QAM64/QAM64-29dB-23.jpg,2
QAM64/QAM64-29dB-24.jpg,2
QAM64/QAM64-29dB-25.jpg,2
QAM64/QAM64-29dB-26.jpg,2
QAM64/QAM64-29dB-27.jpg,2
QAM64/QAM64-29dB-28.jpg,2
QAM64/QAM64-29dB-29.jpg,2
QAM64/QAM64-29dB-3.jpg,2
QAM64/QAM64-29dB-30.jpg,2
QAM64/QAM64-29dB-31.jpg,2
QAM64/QAM64-29dB-32.jpg,2
QAM64/QAM64-29dB-33.jpg,2
QAM64/QAM64-29dB-34.jpg,2
QAM64/QAM64-29dB-35.jpg,2
QAM64/QAM64-29dB-36.jpg,2
QAM64/QAM64-29dB-37.jpg,2
QAM64/QAM64-29dB-38.jpg,2
QAM64/QAM64-29dB-39.jpg,2
QAM64/QAM64-29dB-4.jpg,2
QAM64/QAM64-29dB-40.jpg,2
QAM64/QAM64-29dB-41.jpg,2
QAM64/QAM64-29dB-42.jpg,2
QAM64/QAM64-29dB-43.jpg,2
QAM64/QAM64-29dB-44.jpg,2
QAM64/QAM64-29dB-45.jpg,2
QAM64/QAM64-29dB-46.jpg,2
QAM64/QAM64-29dB-47.jpg,2
QAM64/QAM64-29dB-48.jpg,2
QAM64/QAM64-29dB-49.jpg,2
QAM64/QAM64-29dB-5.jpg,2
QAM64/QAM64-29dB-50.jpg,2
QAM64/QAM64-29dB-51.jpg,2
QAM64/QAM64-29dB-52.jpg,2
QAM64/QAM64-29dB-53.jpg,2
QAM64/QAM64-29dB-54.jpg,2
QAM64/QAM64-29dB-55.jpg,2
QAM64/QAM64-29dB-56.jpg,2
QAM64/QAM64-29dB-57.jpg,2
QAM64/QAM64-29dB-58.jpg,2
QAM64/QAM64-29dB-59.jpg,2
QAM64/QAM64-29dB-6.jpg,2
QAM64/QAM64-29dB-60.jpg,2
QAM64/QAM64-29dB-61.jpg,2
QAM64/QAM64-29dB-62.jpg,2
QAM64/QAM64-29dB-63.jpg,2
QAM64/QAM64-29dB-64.jpg,2
QAM64/QAM64-29dB-65.jpg,2
QAM64/QAM64-29dB-66.jpg,2
QAM64/QAM64-29dB-67.jpg,2
QAM64/QAM64-29dB-68.jpg,2
QAM64/QAM64-29dB-69.jpg,2
QAM64/QAM64-29dB-7.jpg,2
QAM64/QAM64-29dB-70.jpg,2
QAM64/QAM64-29dB-71.jpg,2
QAM64/QAM64-29dB-72.jpg,2
QAM64/QAM64-29dB-73.jpg,2
QAM64/QAM64-29dB-74.jpg,2
QAM64/QAM64-29dB-75.jpg,2
QAM64/QAM64-29dB-8.jpg,2
QAM64/QAM64-29dB-9.jpg,2
QAM8/QAM8-11dB-1.jpg,3
QAM8/QAM8-11dB-10.jpg,3
QAM8/QAM8-11dB-11.jpg,3
QAM8/QAM8-11dB-12.jpg,3
QAM8/QAM8-11dB-13.jpg,3
QAM8/QAM8-11dB-14.jpg,3
QAM8/QAM8-11dB-15.jpg,3
QAM8/QAM8-11dB-16.jpg,3
QAM8/QAM8-11dB-17.jpg,3
QAM8/QAM8-11dB-18.jpg,3
QAM8/QAM8-11dB-19.jpg,3
QAM8/QAM8-11dB-2.jpg,3
QAM8/QAM8-11dB-20.jpg,3
QAM8/QAM8-11dB-21.jpg,3
QAM8/QAM8-11dB-22.jpg,3
QAM8/QAM8-11dB-23.jpg,3
QAM8/QAM8-11dB-24.jpg,3
QAM8/QAM8-11dB-25.jpg,3
QAM8/QAM8-11dB-26.jpg,3
QAM8/QAM8-11dB-27.jpg,3
QAM8/QAM8-11dB-28.jpg,3
QAM8/QAM8-11dB-29.jpg,3
QAM8/QAM8-11dB-3.jpg,3
QAM8/QAM8-11dB-30.jpg,3
QAM8/QAM8-11dB-31.jpg,3
QAM8/QAM8-11dB-32.jpg,3
QAM8/QAM8-11dB-33.jpg,3
QAM8/QAM8-11dB-34.jpg,3
QAM8/QAM8-11dB-35.jpg,3
QAM8/QAM8-11dB-36.jpg,3
QAM8/QAM8-11dB-37.jpg,3
QAM8/QAM8-11dB-38.jpg,3
QAM8/QAM8-11dB-39.jpg,3
QAM8/QAM8-11dB-4.jpg,3
QAM8/QAM8-11dB-40.jpg,3
QAM8/QAM8-11dB-41.jpg,3
QAM8/QAM8-11dB-42.jpg,3
QAM8/QAM8-11dB-43.jpg,3
QAM8/QAM8-11dB-44.jpg,3
QAM8/QAM8-11dB-45.jpg,3
QAM8/QAM8-11dB-46.jpg,3
QAM8/QAM8-11dB-47.jpg,3
QAM8/QAM8-11dB-48.jpg,3
QAM8/QAM8-11dB-49.jpg,3
QAM8/QAM8-11dB-5.jpg,3
QAM8/QAM8-11dB-50.jpg,3
QAM8/QAM8-11dB-51.jpg,3
QAM8/QAM8-11dB-52.jpg,3
QAM8/QAM8-11dB-53.jpg,3
QAM8/QAM8-11dB-54.jpg,3
QAM8/QAM8-11dB-55.jpg,3
QAM8/QAM8-11dB-56.jpg,3
QAM8/QAM8-11dB-57.jpg,3
QAM8/QAM8-11dB-58.jpg,3
QAM8/QAM8-11dB-59.jpg,3
QAM8/QAM8-11dB-6.jpg,3
QAM8/QAM8-11dB-60.jpg,3
QAM8/QAM8-11dB-61.jpg,3
QAM8/QAM8-11dB-62.jpg,3
QAM8/QAM8-11dB-63.jpg,3
QAM8/QAM8-11dB-64.jpg,3
QAM8/QAM8-11dB-65.jpg,3
QAM8/QAM8-11dB-66.jpg,3
QAM8/QAM8-11dB-67.jpg,3
QAM8/QAM8-11dB-68.jpg,3
QAM8/QAM8-11dB-69.jpg,3
QAM8/QAM8-11dB-7.jpg,3
QAM8/QAM8-11dB-70.jpg,3
QAM8/QAM8-11dB-71.jpg,3
QAM8/QAM8-11dB-72.jpg,3
QAM8/QAM8-11dB-73.jpg,3
QAM8/QAM8-11dB-74.jpg,3
QAM8/QAM8-11dB-75.jpg,3
QAM8/QAM8-11dB-8.jpg,3
QAM8/QAM8-11dB-9.jpg,3
QAM8/QAM8-12dB-1.jpg,3
QAM8/QAM8-12dB-10.jpg,3
QAM8/QAM8-12dB-11.jpg,3
QAM8/QAM8-12dB-12.jpg,3
QAM8/QAM8-12dB-13.jpg,3
QAM8/QAM8-12dB-14.jpg,3
QAM8/QAM8-12dB-15.jpg,3
QAM8/QAM8-12dB-16.jpg,3
QAM8/QAM8-12dB-17.jpg,3
QAM8/QAM8-12dB-18.jpg,3
QAM8/QAM8-12dB-19.jpg,3
QAM8/QAM8-12dB-2.jpg,3
QAM8/QAM8-12dB-20.jpg,3
QAM8/QAM8-12dB-21.jpg,3
QAM8/QAM8-12dB-22.jpg,3
QAM8/QAM8-12dB-23.jpg,3
QAM8/QAM8-12dB-24.jpg,3
QAM8/QAM8-12dB-25.jpg,3
QAM8/QAM8-12dB-26.jpg,3
QAM8/QAM8-12dB-27.jpg,3
QAM8/QAM8-12dB-28.jpg,3
QAM8/QAM8-12dB-29.jpg,3
QAM8/QAM8-12dB-3.jpg,3
QAM8/QAM8-12dB-30.jpg,3
QAM8/QAM8-12dB-31.jpg,3
QAM8/QAM8-12dB-32.jpg,3
QAM8/QAM8-12dB-33.jpg,3
QAM8/QAM8-12dB-34.jpg,3
QAM8/QAM8-12dB-35.jpg,3
QAM8/QAM8-12dB-36.jpg,3
QAM8/QAM8-12dB-37.jpg,3
QAM8/QAM8-12dB-38.jpg,3
QAM8/QAM8-12dB-39.jpg,3
QAM8/QAM8-12dB-4.jpg,3
QAM8/QAM8-12dB-40.jpg,3
QAM8/QAM8-12dB-41.jpg,3
QAM8/QAM8-12dB-42.jpg,3
QAM8/QAM8-12dB-43.jpg,3
QAM8/QAM8-12dB-44.jpg,3
QAM8/QAM8-12dB-45.jpg,3
QAM8/QAM8-12dB-46.jpg,3
QAM8/QAM8-12dB-47.jpg,3
QAM8/QAM8-12dB-48.jpg,3
QAM8/QAM8-12dB-49.jpg,3
QAM8/QAM8-12dB-5.jpg,3
QAM8/QAM8-12dB-50.jpg,3
QAM8/QAM8-12dB-51.jpg,3
QAM8/QAM8-12dB-52.jpg,3
QAM8/QAM8-12dB-53.jpg,3
QAM8/QAM8-12dB-54.jpg,3
QAM8/QAM8-12dB-55.jpg,3
QAM8/QAM8-12dB-56.jpg,3
QAM8/QAM8-12dB-57.jpg,3
QAM8/QAM8-12dB-58.jpg,3
QAM8/QAM8-12dB-59.jpg,3
QAM8/QAM8-12dB-6.jpg,3
QAM8/QAM8-12dB-60.jpg,3
QAM8/QAM8-12dB-61.jpg,3
QAM8/QAM8-12dB-62.jpg,3
QAM8/QAM8-12dB-63.jpg,3
QAM8/QAM8-12dB-64.jpg,3
QAM8/QAM8-12dB-65.jpg,3
QAM8/QAM8-12dB-66.jpg,3
QAM8/QAM8-12dB-67.jpg,3
QAM8/QAM8-12dB-68.jpg,3
QAM8/QAM8-12dB-69.jpg,3
QAM8/QAM8-12dB-7.jpg,3
QAM8/QAM8-12dB-70.jpg,3
QAM8/QAM8-12dB-71.jpg,3
QAM8/QAM8-12dB-72.jpg,3
QAM8/QAM8-12dB-73.jpg,3
QAM8/QAM8-12dB-74.jpg,3
QAM8/QAM8-12dB-75.jpg,3
QAM8/QAM8-12dB-8.jpg,3
QAM8/QAM8-12dB-9.jpg,3
QAM8/QAM8-13dB-1.jpg,3
QAM8/QAM8-13dB-10.jpg,3
QAM8/QAM8-13dB-11.jpg,3
QAM8/QAM8-13dB-12.jpg,3
QAM8/QAM8-13dB-13.jpg,3
QAM8/QAM8-13dB-14.jpg,3
QAM8/QAM8-13dB-15.jpg,3
QAM8/QAM8-13dB-16.jpg,3
QAM8/QAM8-13dB-17.jpg,3
QAM8/QAM8-13dB-18.jpg,3
QAM8/QAM8-13dB-19.jpg,3
QAM8/QAM8-13dB-2.jpg,3
QAM8/QAM8-13dB-20.jpg,3
QAM8/QAM8-13dB-21.jpg,3
QAM8/QAM8-13dB-22.jpg,3
QAM8/QAM8-13dB-23.jpg,3
QAM8/QAM8-13dB-24.jpg,3
QAM8/QAM8-13dB-25.jpg,3
QAM8/QAM8-13dB-26.jpg,3
QAM8/QAM8-13dB-27.jpg,3
QAM8/QAM8-13dB-28.jpg,3
QAM8/QAM8-13dB-29.jpg,3
QAM8/QAM8-13dB-3.jpg,3
QAM8/QAM8-13dB-30.jpg,3
QAM8/QAM8-13dB-31.jpg,3
QAM8/QAM8-13dB-32.jpg,3
QAM8/QAM8-13dB-33.jpg,3
QAM8/QAM8-13dB-34.jpg,3
QAM8/QAM8-13dB-35.jpg,3
QAM8/QAM8-13dB-36.jpg,3
QAM8/QAM8-13dB-37.jpg,3
QAM8/QAM8-13dB-38.jpg,3
QAM8/QAM8-13dB-39.jpg,3
QAM8/QAM8-13dB-4.jpg,3
QAM8/QAM8-13dB-40.jpg,3
QAM8/QAM8-13dB-41.jpg,3
QAM8/QAM8-13dB-42.jpg,3
QAM8/QAM8-13dB-43.jpg,3
QAM8/QAM8-13dB-44.jpg,3
QAM8/QAM8-13dB-45.jpg,3
QAM8/QAM8-13dB-46.jpg,3
QAM8/QAM8-13dB-47.jpg,3
QAM8/QAM8-13dB-48.jpg,3
QAM8/QAM8-13dB-49.jpg,3
QAM8/QAM8-13dB-5.jpg,3
QAM8/QAM8-13dB-50.jpg,3
QAM8/QAM8-13dB-51.jpg,3
QAM8/QAM8-13dB-52.jpg,3
QAM8/QAM8-13dB-53.jpg,3
QAM8/QAM8-13dB-54.jpg,3
QAM8/QAM8-13dB-55.jpg,3
QAM8/QAM8-13dB-56.jpg,3
QAM8/QAM8-13dB-57.jpg,3
QAM8/QAM8-13dB-58.jpg,3
QAM8/QAM8-13dB-59.jpg,3
QAM8/QAM8-13dB-6.jpg,3
QAM8/QAM8-13dB-60.jpg,3
QAM8/QAM8-13dB-61.jpg,3
QAM8/QAM8-13dB-62.jpg,3
QAM8/QAM8-13dB-63.jpg,3
QAM8/QAM8-13dB-64.jpg,3
QAM8/QAM8-13dB-65.jpg,3
QAM8/QAM8-13dB-66.jpg,3
QAM8/QAM8-13dB-67.jpg,3
QAM8/QAM8-13dB-68.jpg,3
QAM8/QAM8-13dB-69.jpg,3
QAM8/QAM8-13dB-7.jpg,3
QAM8/QAM8-13dB-70.jpg,3
QAM8/QAM8-13dB-71.jpg,3
QAM8/QAM8-13dB-72.jpg,3
QAM8/QAM8-13dB-73.jpg,3
QAM8/QAM8-13dB-74.jpg,3
QAM8/QAM8-13dB-75.jpg,3
QAM8/QAM8-13dB-8.jpg,3
QAM8/QAM8-13dB-9.jpg,3
QAM8/QAM8-14dB-1.jpg,3
QAM8/QAM8-14dB-10.jpg,3
QAM8/QAM8-14dB-11.jpg,3
QAM8/QAM8-14dB-12.jpg,3
QAM8/QAM8-14dB-13.jpg,3
QAM8/QAM8-14dB-14.jpg,3
QAM8/QAM8-14dB-15.jpg,3
QAM8/QAM8-14dB-16.jpg,3
QAM8/QAM8-14dB-17.jpg,3
QAM8/QAM8-14dB-18.jpg,3
QAM8/QAM8-14dB-19.jpg,3
QAM8/QAM8-14dB-2.jpg,3
QAM8/QAM8-14dB-20.jpg,3
QAM8/QAM8-14dB-21.jpg,3
QAM8/QAM8-14dB-22.jpg,3
QAM8/QAM8-14dB-23.jpg,3
QAM8/QAM8-14dB-24.jpg,3
QAM8/QAM8-14dB-25.jpg,3
QAM8/QAM8-14dB-26.jpg,3
QAM8/QAM8-14dB-27.jpg,3
QAM8/QAM8-14dB-28.jpg,3
QAM8/QAM8-14dB-29.jpg,3
QAM8/QAM8-14dB-3.jpg,3
QAM8/QAM8-14dB-30.jpg,3
QAM8/QAM8-14dB-31.jpg,3
QAM8/QAM8-14dB-32.jpg,3
QAM8/QAM8-14dB-33.jpg,3
QAM8/QAM8-14dB-34.jpg,3
QAM8/QAM8-14dB-35.jpg,3
QAM8/QAM8-14dB-36.jpg,3
QAM8/QAM8-14dB-37.jpg,3
QAM8/QAM8-14dB-38.jpg,3
QAM8/QAM8-14dB-39.jpg,3
QAM8/QAM8-14dB-4.jpg,3
QAM8/QAM8-14dB-40.jpg,3
QAM8/QAM8-14dB-41.jpg,3
QAM8/QAM8-14dB-42.jpg,3
QAM8/QAM8-14dB-43.jpg,3
QAM8/QAM8-14dB-44.jpg,3
QAM8/QAM8-14dB-45.jpg,3
QAM8/QAM8-14dB-46.jpg,3
QAM8/QAM8-14dB-47.jpg,3
QAM8/QAM8-14dB-48.jpg,3
QAM8/QAM8-14dB-49.jpg,3
QAM8/QAM8-14dB-5.jpg,3
QAM8/QAM8-14dB-50.jpg,3
QAM8/QAM8-14dB-51.jpg,3
QAM8/QAM8-14dB-52.jpg,3
QAM8/QAM8-14dB-53.jpg,3
QAM8/QAM8-14dB-54.jpg,3
QAM8/QAM8-14dB-55.jpg,3
QAM8/QAM8-14dB-56.jpg,3
QAM8/QAM8-14dB-57.jpg,3
QAM8/QAM8-14dB-58.jpg,3
QAM8/QAM8-14dB-59.jpg,3
QAM8/QAM8-14dB-6.jpg,3
QAM8/QAM8-14dB-60.jpg,3
QAM8/QAM8-14dB-61.jpg,3
QAM8/QAM8-14dB-62.jpg,3
QAM8/QAM8-14dB-63.jpg,3
QAM8/QAM8-14dB-64.jpg,3
QAM8/QAM8-14dB-65.jpg,3
QAM8/QAM8-14dB-66.jpg,3
QAM8/QAM8-14dB-67.jpg,3
QAM8/QAM8-14dB-68.jpg,3
QAM8/QAM8-14dB-69.jpg,3
QAM8/QAM8-14dB-7.jpg,3
QAM8/QAM8-14dB-70.jpg,3
QAM8/QAM8-14dB-71.jpg,3
QAM8/QAM8-14dB-72.jpg,3
QAM8/QAM8-14dB-73.jpg,3
QAM8/QAM8-14dB-74.jpg,3
QAM8/QAM8-14dB-75.jpg,3
QAM8/QAM8-14dB-8.jpg,3
QAM8/QAM8-14dB-9.jpg,3
QAM8/QAM8-15dB-1.jpg,3
QAM8/QAM8-15dB-10.jpg,3
QAM8/QAM8-15dB-11.jpg,3
QAM8/QAM8-15dB-12.jpg,3
QAM8/QAM8-15dB-13.jpg,3
QAM8/QAM8-15dB-14.jpg,3
QAM8/QAM8-15dB-15.jpg,3
QAM8/QAM8-15dB-16.jpg,3
QAM8/QAM8-15dB-17.jpg,3
QAM8/QAM8-15dB-18.jpg,3
QAM8/QAM8-15dB-19.jpg,3
QAM8/QAM8-15dB-2.jpg,3
QAM8/QAM8-15dB-20.jpg,3
QAM8/QAM8-15dB-21.jpg,3
QAM8/QAM8-15dB-22.jpg,3
QAM8/QAM8-15dB-23.jpg,3
QAM8/QAM8-15dB-24.jpg,3
QAM8/QAM8-15dB-25.jpg,3
QAM8/QAM8-15dB-26.jpg,3
QAM8/QAM8-15dB-27.jpg,3
QAM8/QAM8-15dB-28.jpg,3
QAM8/QAM8-15dB-29.jpg,3
QAM8/QAM8-15dB-3.jpg,3
QAM8/QAM8-15dB-30.jpg,3
QAM8/QAM8-15dB-31.jpg,3
QAM8/QAM8-15dB-32.jpg,3
QAM8/QAM8-15dB-33.jpg,3
QAM8/QAM8-15dB-34.jpg,3
QAM8/QAM8-15dB-35.jpg,3
QAM8/QAM8-15dB-36.jpg,3
QAM8/QAM8-15dB-37.jpg,3
QAM8/QAM8-15dB-38.jpg,3
QAM8/QAM8-15dB-39.jpg,3
QAM8/QAM8-15dB-4.jpg,3
QAM8/QAM8-15dB-40.jpg,3
QAM8/QAM8-15dB-41.jpg,3
QAM8/QAM8-15dB-42.jpg,3
QAM8/QAM8-15dB-43.jpg,3
QAM8/QAM8-15dB-44.jpg,3
QAM8/QAM8-15dB-45.jpg,3
QAM8/QAM8-15dB-46.jpg,3
QAM8/QAM8-15dB-47.jpg,3
QAM8/QAM8-15dB-48.jpg,3
QAM8/QAM8-15dB-49.jpg,3
QAM8/QAM8-15dB-5.jpg,3
QAM8/QAM8-15dB-50.jpg,3
QAM8/QAM8-15dB-51.jpg,3
QAM8/QAM8-15dB-52.jpg,3
QAM8/QAM8-15dB-53.jpg,3
QAM8/QAM8-15dB-54.jpg,3
QAM8/QAM8-15dB-55.jpg,3
QAM8/QAM8-15dB-56.jpg,3
QAM8/QAM8-15dB-57.jpg,3
QAM8/QAM8-15dB-58.jpg,3
QAM8/QAM8-15dB-59.jpg,3
QAM8/QAM8-15dB-6.jpg,3
QAM8/QAM8-15dB-60.jpg,3
QAM8/QAM8-15dB-61.jpg,3
QAM8/QAM8-15dB-62.jpg,3
QAM8/QAM8-15dB-63.jpg,3
QAM8/QAM8-15dB-64.jpg,3
QAM8/QAM8-15dB-65.jpg,3
QAM8/QAM8-15dB-66.jpg,3
QAM8/QAM8-15dB-67.jpg,3
QAM8/QAM8-15dB-68.jpg,3
QAM8/QAM8-15dB-69.jpg,3
QAM8/QAM8-15dB-7.jpg,3
QAM8/QAM8-15dB-70.jpg,3
QAM8/QAM8-15dB-71.jpg,3
QAM8/QAM8-15dB-72.jpg,3
QAM8/QAM8-15dB-73.jpg,3
QAM8/QAM8-15dB-74.jpg,3
QAM8/QAM8-15dB-75.jpg,3
QAM8/QAM8-15dB-8.jpg,3
QAM8/QAM8-15dB-9.jpg,3
QAM8/QAM8-16dB-1.jpg,3
QAM8/QAM8-16dB-10.jpg,3
QAM8/QAM8-16dB-11.jpg,3
QAM8/QAM8-16dB-12.jpg,3
QAM8/QAM8-16dB-13.jpg,3
QAM8/QAM8-16dB-14.jpg,3
QAM8/QAM8-16dB-15.jpg,3
QAM8/QAM8-16dB-16.jpg,3
QAM8/QAM8-16dB-17.jpg,3
QAM8/QAM8-16dB-18.jpg,3
QAM8/QAM8-16dB-19.jpg,3
QAM8/QAM8-16dB-2.jpg,3
QAM8/QAM8-16dB-20.jpg,3
QAM8/QAM8-16dB-21.jpg,3
QAM8/QAM8-16dB-22.jpg,3
QAM8/QAM8-16dB-23.jpg,3
QAM8/QAM8-16dB-24.jpg,3
QAM8/QAM8-16dB-25.jpg,3
QAM8/QAM8-16dB-26.jpg,3
QAM8/QAM8-16dB-27.jpg,3
QAM8/QAM8-16dB-28.jpg,3
QAM8/QAM8-16dB-29.jpg,3
QAM8/QAM8-16dB-3.jpg,3
QAM8/QAM8-16dB-30.jpg,3
QAM8/QAM8-16dB-31.jpg,3
QAM8/QAM8-16dB-32.jpg,3
QAM8/QAM8-16dB-33.jpg,3
QAM8/QAM8-16dB-34.jpg,3
QAM8/QAM8-16dB-35.jpg,3
QAM8/QAM8-16dB-36.jpg,3
QAM8/QAM8-16dB-37.jpg,3
QAM8/QAM8-16dB-38.jpg,3
QAM8/QAM8-16dB-39.jpg,3
QAM8/QAM8-16dB-4.jpg,3
QAM8/QAM8-16dB-40.jpg,3
QAM8/QAM8-16dB-41.jpg,3
QAM8/QAM8-16dB-42.jpg,3
QAM8/QAM8-16dB-43.jpg,3
QAM8/QAM8-16dB-44.jpg,3
QAM8/QAM8-16dB-45.jpg,3
QAM8/QAM8-16dB-46.jpg,3
QAM8/QAM8-16dB-47.jpg,3
QAM8/QAM8-16dB-48.jpg,3
QAM8/QAM8-16dB-49.jpg,3
QAM8/QAM8-16dB-5.jpg,3
QAM8/QAM8-16dB-50.jpg,3
QAM8/QAM8-16dB-51.jpg,3
QAM8/QAM8-16dB-52.jpg,3
QAM8/QAM8-16dB-53.jpg,3
QAM8/QAM8-16dB-54.jpg,3
QAM8/QAM8-16dB-55.jpg,3
QAM8/QAM8-16dB-56.jpg,3
QAM8/QAM8-16dB-57.jpg,3
QAM8/QAM8-16dB-58.jpg,3
QAM8/QAM8-16dB-59.jpg,3
QAM8/QAM8-16dB-6.jpg,3
QAM8/QAM8-16dB-60.jpg,3
QAM8/QAM8-16dB-61.jpg,3
QAM8/QAM8-16dB-62.jpg,3
QAM8/QAM8-16dB-63.jpg,3
QAM8/QAM8-16dB-64.jpg,3
QAM8/QAM8-16dB-65.jpg,3
QAM8/QAM8-16dB-66.jpg,3
QAM8/QAM8-16dB-67.jpg,3
QAM8/QAM8-16dB-68.jpg,3
QAM8/QAM8-16dB-69.jpg,3
QAM8/QAM8-16dB-7.jpg,3
QAM8/QAM8-16dB-70.jpg,3
QAM8/QAM8-16dB-71.jpg,3
QAM8/QAM8-16dB-72.jpg,3
QAM8/QAM8-16dB-73.jpg,3
QAM8/QAM8-16dB-74.jpg,3
QAM8/QAM8-16dB-75.jpg,3
QAM8/QAM8-16dB-8.jpg,3
QAM8/QAM8-16dB-9.jpg,3
QAM8/QAM8-17dB-1.jpg,3
QAM8/QAM8-17dB-10.jpg,3
QAM8/QAM8-17dB-11.jpg,3
QAM8/QAM8-17dB-12.jpg,3
QAM8/QAM8-17dB-13.jpg,3
QAM8/QAM8-17dB-14.jpg,3
QAM8/QAM8-17dB-15.jpg,3
QAM8/QAM8-17dB-16.jpg,3
QAM8/QAM8-17dB-17.jpg,3
QAM8/QAM8-17dB-18.jpg,3
QAM8/QAM8-17dB-19.jpg,3
QAM8/QAM8-17dB-2.jpg,3
QAM8/QAM8-17dB-20.jpg,3
QAM8/QAM8-17dB-21.jpg,3
QAM8/QAM8-17dB-22.jpg,3
QAM8/QAM8-17dB-23.jpg,3
QAM8/QAM8-17dB-24.jpg,3
QAM8/QAM8-17dB-25.jpg,3
QAM8/QAM8-17dB-26.jpg,3
QAM8/QAM8-17dB-27.jpg,3
QAM8/QAM8-17dB-28.jpg,3
QAM8/QAM8-17dB-29.jpg,3
QAM8/QAM8-17dB-3.jpg,3
QAM8/QAM8-17dB-30.jpg,3
QAM8/QAM8-17dB-31.jpg,3
QAM8/QAM8-17dB-32.jpg,3
QAM8/QAM8-17dB-33.jpg,3
QAM8/QAM8-17dB-34.jpg,3
QAM8/QAM8-17dB-35.jpg,3
QAM8/QAM8-17dB-36.jpg,3
QAM8/QAM8-17dB-37.jpg,3
QAM8/QAM8-17dB-38.jpg,3
QAM8/QAM8-17dB-39.jpg,3
QAM8/QAM8-17dB-4.jpg,3
QAM8/QAM8-17dB-40.jpg,3
QAM8/QAM8-17dB-41.jpg,3
QAM8/QAM8-17dB-42.jpg,3
QAM8/QAM8-17dB-43.jpg,3
QAM8/QAM8-17dB-44.jpg,3
QAM8/QAM8-17dB-45.jpg,3
QAM8/QAM8-17dB-46.jpg,3
QAM8/QAM8-17dB-47.jpg,3
QAM8/QAM8-17dB-48.jpg,3
QAM8/QAM8-17dB-49.jpg,3
QAM8/QAM8-17dB-5.jpg,3
QAM8/QAM8-17dB-50.jpg,3
QAM8/QAM8-17dB-51.jpg,3
QAM8/QAM8-17dB-52.jpg,3
QAM8/QAM8-17dB-53.jpg,3
QAM8/QAM8-17dB-54.jpg,3
QAM8/QAM8-17dB-55.jpg,3
QAM8/QAM8-17dB-56.jpg,3
QAM8/QAM8-17dB-57.jpg,3
QAM8/QAM8-17dB-58.jpg,3
QAM8/QAM8-17dB-59.jpg,3
QAM8/QAM8-17dB-6.jpg,3
QAM8/QAM8-17dB-60.jpg,3
QAM8/QAM8-17dB-61.jpg,3
QAM8/QAM8-17dB-62.jpg,3
QAM8/QAM8-17dB-63.jpg,3
QAM8/QAM8-17dB-64.jpg,3
QAM8/QAM8-17dB-65.jpg,3
QAM8/QAM8-17dB-66.jpg,3
QAM8/QAM8-17dB-67.jpg,3
QAM8/QAM8-17dB-68.jpg,3
QAM8/QAM8-17dB-69.jpg,3
QAM8/QAM8-17dB-7.jpg,3
QAM8/QAM8-17dB-70.jpg,3
QAM8/QAM8-17dB-71.jpg,3
QAM8/QAM8-17dB-72.jpg,3
QAM8/QAM8-17dB-73.jpg,3
QAM8/QAM8-17dB-74.jpg,3
QAM8/QAM8-17dB-75.jpg,3
QAM8/QAM8-17dB-8.jpg,3
QAM8/QAM8-17dB-9.jpg,3
QAM8/QAM8-18dB-1.jpg,3
QAM8/QAM8-18dB-10.jpg,3
QAM8/QAM8-18dB-11.jpg,3
QAM8/QAM8-18dB-12.jpg,3
QAM8/QAM8-18dB-13.jpg,3
QAM8/QAM8-18dB-14.jpg,3
QAM8/QAM8-18dB-15.jpg,3
QAM8/QAM8-18dB-16.jpg,3
QAM8/QAM8-18dB-17.jpg,3
QAM8/QAM8-18dB-18.jpg,3
QAM8/QAM8-18dB-19.jpg,3
QAM8/QAM8-18dB-2.jpg,3
QAM8/QAM8-18dB-20.jpg,3
QAM8/QAM8-18dB-21.jpg,3
QAM8/QAM8-18dB-22.jpg,3
QAM8/QAM8-18dB-23.jpg,3
QAM8/QAM8-18dB-24.jpg,3
QAM8/QAM8-18dB-25.jpg,3
QAM8/QAM8-18dB-26.jpg,3
QAM8/QAM8-18dB-27.jpg,3
QAM8/QAM8-18dB-28.jpg,3
QAM8/QAM8-18dB-29.jpg,3
QAM8/QAM8-18dB-3.jpg,3
QAM8/QAM8-18dB-30.jpg,3
QAM8/QAM8-18dB-31.jpg,3
QAM8/QAM8-18dB-32.jpg,3
QAM8/QAM8-18dB-33.jpg,3
QAM8/QAM8-18dB-34.jpg,3
QAM8/QAM8-18dB-35.jpg,3
QAM8/QAM8-18dB-36.jpg,3
QAM8/QAM8-18dB-37.jpg,3
QAM8/QAM8-18dB-38.jpg,3
QAM8/QAM8-18dB-39.jpg,3
QAM8/QAM8-18dB-4.jpg,3
QAM8/QAM8-18dB-40.jpg,3
QAM8/QAM8-18dB-41.jpg,3
QAM8/QAM8-18dB-42.jpg,3
QAM8/QAM8-18dB-43.jpg,3
QAM8/QAM8-18dB-44.jpg,3
QAM8/QAM8-18dB-45.jpg,3
QAM8/QAM8-18dB-46.jpg,3
QAM8/QAM8-18dB-47.jpg,3
QAM8/QAM8-18dB-48.jpg,3
QAM8/QAM8-18dB-49.jpg,3
QAM8/QAM8-18dB-5.jpg,3
QAM8/QAM8-18dB-50.jpg,3
QAM8/QAM8-18dB-51.jpg,3
QAM8/QAM8-18dB-52.jpg,3
QAM8/QAM8-18dB-53.jpg,3
QAM8/QAM8-18dB-54.jpg,3
QAM8/QAM8-18dB-55.jpg,3
QAM8/QAM8-18dB-56.jpg,3
QAM8/QAM8-18dB-57.jpg,3
QAM8/QAM8-18dB-58.jpg,3
QAM8/QAM8-18dB-59.jpg,3
QAM8/QAM8-18dB-6.jpg,3
QAM8/QAM8-18dB-60.jpg,3
QAM8/QAM8-18dB-61.jpg,3
QAM8/QAM8-18dB-62.jpg,3
QAM8/QAM8-18dB-63.jpg,3
QAM8/QAM8-18dB-64.jpg,3
QAM8/QAM8-18dB-65.jpg,3
QAM8/QAM8-18dB-66.jpg,3
QAM8/QAM8-18dB-67.jpg,3
QAM8/QAM8-18dB-68.jpg,3
QAM8/QAM8-18dB-69.jpg,3
QAM8/QAM8-18dB-7.jpg,3
QAM8/QAM8-18dB-70.jpg,3
QAM8/QAM8-18dB-71.jpg,3
QAM8/QAM8-18dB-72.jpg,3
QAM8/QAM8-18dB-73.jpg,3
QAM8/QAM8-18dB-74.jpg,3
QAM8/QAM8-18dB-75.jpg,3
QAM8/QAM8-18dB-8.jpg,3
QAM8/QAM8-18dB-9.jpg,3
QAM8/QAM8-19dB-1.jpg,3
QAM8/QAM8-19dB-10.jpg,3
QAM8/QAM8-19dB-11.jpg,3
QAM8/QAM8-19dB-12.jpg,3
QAM8/QAM8-19dB-13.jpg,3
QAM8/QAM8-19dB-14.jpg,3
QAM8/QAM8-19dB-15.jpg,3
QAM8/QAM8-19dB-16.jpg,3
QAM8/QAM8-19dB-17.jpg,3
QAM8/QAM8-19dB-18.jpg,3
QAM8/QAM8-19dB-19.jpg,3
QAM8/QAM8-19dB-2.jpg,3
QAM8/QAM8-19dB-20.jpg,3
QAM8/QAM8-19dB-21.jpg,3
QAM8/QAM8-19dB-22.jpg,3
QAM8/QAM8-19dB-23.jpg,3
QAM8/QAM8-19dB-24.jpg,3
QAM8/QAM8-19dB-25.jpg,3
QAM8/QAM8-19dB-26.jpg,3
QAM8/QAM8-19dB-27.jpg,3
QAM8/QAM8-19dB-28.jpg,3
QAM8/QAM8-19dB-29.jpg,3
QAM8/QAM8-19dB-3.jpg,3
QAM8/QAM8-19dB-30.jpg,3
QAM8/QAM8-19dB-31.jpg,3
QAM8/QAM8-19dB-32.jpg,3
QAM8/QAM8-19dB-33.jpg,3
QAM8/QAM8-19dB-34.jpg,3
QAM8/QAM8-19dB-35.jpg,3
QAM8/QAM8-19dB-36.jpg,3
QAM8/QAM8-19dB-37.jpg,3
QAM8/QAM8-19dB-38.jpg,3
QAM8/QAM8-19dB-39.jpg,3
QAM8/QAM8-19dB-4.jpg,3
QAM8/QAM8-19dB-40.jpg,3
QAM8/QAM8-19dB-41.jpg,3
QAM8/QAM8-19dB-42.jpg,3
QAM8/QAM8-19dB-43.jpg,3
QAM8/QAM8-19dB-44.jpg,3
QAM8/QAM8-19dB-45.jpg,3
QAM8/QAM8-19dB-46.jpg,3
QAM8/QAM8-19dB-47.jpg,3
QAM8/QAM8-19dB-48.jpg,3
QAM8/QAM8-19dB-49.jpg,3
QAM8/QAM8-19dB-5.jpg,3
QAM8/QAM8-19dB-50.jpg,3
QAM8/QAM8-19dB-51.jpg,3
QAM8/QAM8-19dB-52.jpg,3
QAM8/QAM8-19dB-53.jpg,3
QAM8/QAM8-19dB-54.jpg,3
QAM8/QAM8-19dB-55.jpg,3
QAM8/QAM8-19dB-56.jpg,3
QAM8/QAM8-19dB-57.jpg,3
QAM8/QAM8-19dB-58.jpg,3
QAM8/QAM8-19dB-59.jpg,3
QAM8/QAM8-19dB-6.jpg,3
QAM8/QAM8-19dB-60.jpg,3
QAM8/QAM8-19dB-61.jpg,3
QAM8/QAM8-19dB-62.jpg,3
QAM8/QAM8-19dB-63.jpg,3
QAM8/QAM8-19dB-64.jpg,3
QAM8/QAM8-19dB-65.jpg,3
QAM8/QAM8-19dB-66.jpg,3
QAM8/QAM8-19dB-67.jpg,3
QAM8/QAM8-19dB-68.jpg,3
QAM8/QAM8-19dB-69.jpg,3
QAM8/QAM8-19dB-7.jpg,3
QAM8/QAM8-19dB-70.jpg,3
QAM8/QAM8-19dB-71.jpg,3
QAM8/QAM8-19dB-72.jpg,3
QAM8/QAM8-19dB-73.jpg,3
QAM8/QAM8-19dB-74.jpg,3
QAM8/QAM8-19dB-75.jpg,3
QAM8/QAM8-19dB-8.jpg,3
QAM8/QAM8-19dB-9.jpg,3
QAM8/QAM8-20dB-1.jpg,3
QAM8/QAM8-20dB-10.jpg,3
QAM8/QAM8-20dB-11.jpg,3
QAM8/QAM8-20dB-12.jpg,3
QAM8/QAM8-20dB-13.jpg,3
QAM8/QAM8-20dB-14.jpg,3
QAM8/QAM8-20dB-15.jpg,3
QAM8/QAM8-20dB-16.jpg,3
QAM8/QAM8-20dB-17.jpg,3
QAM8/QAM8-20dB-18.jpg,3
QAM8/QAM8-20dB-19.jpg,3
QAM8/QAM8-20dB-2.jpg,3
QAM8/QAM8-20dB-20.jpg,3
QAM8/QAM8-20dB-21.jpg,3
QAM8/QAM8-20dB-22.jpg,3
QAM8/QAM8-20dB-23.jpg,3
QAM8/QAM8-20dB-24.jpg,3
QAM8/QAM8-20dB-25.jpg,3
QAM8/QAM8-20dB-26.jpg,3
QAM8/QAM8-20dB-27.jpg,3
QAM8/QAM8-20dB-28.jpg,3
QAM8/QAM8-20dB-29.jpg,3
QAM8/QAM8-20dB-3.jpg,3
QAM8/QAM8-20dB-30.jpg,3
QAM8/QAM8-20dB-31.jpg,3
QAM8/QAM8-20dB-32.jpg,3
QAM8/QAM8-20dB-33.jpg,3
QAM8/QAM8-20dB-34.jpg,3
QAM8/QAM8-20dB-35.jpg,3
QAM8/QAM8-20dB-36.jpg,3
QAM8/QAM8-20dB-37.jpg,3
QAM8/QAM8-20dB-38.jpg,3
QAM8/QAM8-20dB-39.jpg,3
QAM8/QAM8-20dB-4.jpg,3
QAM8/QAM8-20dB-40.jpg,3
QAM8/QAM8-20dB-41.jpg,3
QAM8/QAM8-20dB-42.jpg,3
QAM8/QAM8-20dB-43.jpg,3
QAM8/QAM8-20dB-44.jpg,3
QAM8/QAM8-20dB-45.jpg,3
QAM8/QAM8-20dB-46.jpg,3
QAM8/QAM8-20dB-47.jpg,3
QAM8/QAM8-20dB-48.jpg,3
QAM8/QAM8-20dB-49.jpg,3
QAM8/QAM8-20dB-5.jpg,3
QAM8/QAM8-20dB-50.jpg,3
QAM8/QAM8-20dB-51.jpg,3
QAM8/QAM8-20dB-52.jpg,3
QAM8/QAM8-20dB-53.jpg,3
QAM8/QAM8-20dB-54.jpg,3
QAM8/QAM8-20dB-55.jpg,3
QAM8/QAM8-20dB-56.jpg,3
QAM8/QAM8-20dB-57.jpg,3
QAM8/QAM8-20dB-58.jpg,3
QAM8/QAM8-20dB-59.jpg,3
QAM8/QAM8-20dB-6.jpg,3
QAM8/QAM8-20dB-60.jpg,3
QAM8/QAM8-20dB-61.jpg,3
QAM8/QAM8-20dB-62.jpg,3
QAM8/QAM8-20dB-63.jpg,3
QAM8/QAM8-20dB-64.jpg,3
QAM8/QAM8-20dB-65.jpg,3
QAM8/QAM8-20dB-66.jpg,3
QAM8/QAM8-20dB-67.jpg,3
QAM8/QAM8-20dB-68.jpg,3
QAM8/QAM8-20dB-69.jpg,3
QAM8/QAM8-20dB-7.jpg,3
QAM8/QAM8-20dB-70.jpg,3
QAM8/QAM8-20dB-71.jpg,3
QAM8/QAM8-20dB-72.jpg,3
QAM8/QAM8-20dB-73.jpg,3
QAM8/QAM8-20dB-74.jpg,3
QAM8/QAM8-20dB-75.jpg,3
QAM8/QAM8-20dB-8.jpg,3
QAM8/QAM8-20dB-9.jpg,3
QPSK/QAM4-10dB-1.jpg,4
QPSK/QAM4-10dB-10.jpg,4
QPSK/QAM4-10dB-11.jpg,4
QPSK/QAM4-10dB-12.jpg,4
QPSK/QAM4-10dB-13.jpg,4
QPSK/QAM4-10dB-14.jpg,4
QPSK/QAM4-10dB-15.jpg,4
QPSK/QAM4-10dB-16.jpg,4
QPSK/QAM4-10dB-17.jpg,4
QPSK/QAM4-10dB-18.jpg,4
QPSK/QAM4-10dB-19.jpg,4
QPSK/QAM4-10dB-2.jpg,4
QPSK/QAM4-10dB-20.jpg,4
QPSK/QAM4-10dB-21.jpg,4
QPSK/QAM4-10dB-22.jpg,4
QPSK/QAM4-10dB-23.jpg,4
QPSK/QAM4-10dB-24.jpg,4
QPSK/QAM4-10dB-25.jpg,4
QPSK/QAM4-10dB-26.jpg,4
QPSK/QAM4-10dB-27.jpg,4
QPSK/QAM4-10dB-28.jpg,4
QPSK/QAM4-10dB-29.jpg,4
QPSK/QAM4-10dB-3.jpg,4
QPSK/QAM4-10dB-30.jpg,4
QPSK/QAM4-10dB-31.jpg,4
QPSK/QAM4-10dB-32.jpg,4
QPSK/QAM4-10dB-33.jpg,4
QPSK/QAM4-10dB-34.jpg,4
QPSK/QAM4-10dB-35.jpg,4
QPSK/QAM4-10dB-36.jpg,4
QPSK/QAM4-10dB-37.jpg,4
QPSK/QAM4-10dB-38.jpg,4
QPSK/QAM4-10dB-39.jpg,4
QPSK/QAM4-10dB-4.jpg,4
QPSK/QAM4-10dB-40.jpg,4
QPSK/QAM4-10dB-41.jpg,4
QPSK/QAM4-10dB-42.jpg,4
QPSK/QAM4-10dB-43.jpg,4
QPSK/QAM4-10dB-44.jpg,4
QPSK/QAM4-10dB-45.jpg,4
QPSK/QAM4-10dB-46.jpg,4
QPSK/QAM4-10dB-47.jpg,4
QPSK/QAM4-10dB-48.jpg,4
QPSK/QAM4-10dB-49.jpg,4
QPSK/QAM4-10dB-5.jpg,4
QPSK/QAM4-10dB-50.jpg,4
QPSK/QAM4-10dB-51.jpg,4
QPSK/QAM4-10dB-52.jpg,4
QPSK/QAM4-10dB-53.jpg,4
QPSK/QAM4-10dB-54.jpg,4
QPSK/QAM4-10dB-55.jpg,4
QPSK/QAM4-10dB-56.jpg,4
QPSK/QAM4-10dB-57.jpg,4
QPSK/QAM4-10dB-58.jpg,4
QPSK/QAM4-10dB-59.jpg,4
QPSK/QAM4-10dB-6.jpg,4
QPSK/QAM4-10dB-60.jpg,4
QPSK/QAM4-10dB-61.jpg,4
QPSK/QAM4-10dB-62.jpg,4
QPSK/QAM4-10dB-63.jpg,4
QPSK/QAM4-10dB-64.jpg,4
QPSK/QAM4-10dB-65.jpg,4
QPSK/QAM4-10dB-66.jpg,4
QPSK/QAM4-10dB-67.jpg,4
QPSK/QAM4-10dB-68.jpg,4
QPSK/QAM4-10dB-69.jpg,4
QPSK/QAM4-10dB-7.jpg,4
QPSK/QAM4-10dB-70.jpg,4
QPSK/QAM4-10dB-71.jpg,4
QPSK/QAM4-10dB-72.jpg,4
QPSK/QAM4-10dB-73.jpg,4
QPSK/QAM4-10dB-74.jpg,4
QPSK/QAM4-10dB-75.jpg,4
QPSK/QAM4-10dB-8.jpg,4
QPSK/QAM4-10dB-9.jpg,4
QPSK/QAM4-11dB-1.jpg,4
QPSK/QAM4-11dB-10.jpg,4
QPSK/QAM4-11dB-11.jpg,4
QPSK/QAM4-11dB-12.jpg,4
QPSK/QAM4-11dB-13.jpg,4
QPSK/QAM4-11dB-14.jpg,4
QPSK/QAM4-11dB-15.jpg,4
QPSK/QAM4-11dB-16.jpg,4
QPSK/QAM4-11dB-17.jpg,4
QPSK/QAM4-11dB-18.jpg,4
QPSK/QAM4-11dB-19.jpg,4
QPSK/QAM4-11dB-2.jpg,4
QPSK/QAM4-11dB-20.jpg,4
QPSK/QAM4-11dB-21.jpg,4
QPSK/QAM4-11dB-22.jpg,4
QPSK/QAM4-11dB-23.jpg,4
QPSK/QAM4-11dB-24.jpg,4
QPSK/QAM4-11dB-25.jpg,4
QPSK/QAM4-11dB-26.jpg,4
QPSK/QAM4-11dB-27.jpg,4
QPSK/QAM4-11dB-28.jpg,4
QPSK/QAM4-11dB-29.jpg,4
QPSK/QAM4-11dB-3.jpg,4
QPSK/QAM4-11dB-30.jpg,4
QPSK/QAM4-11dB-31.jpg,4
QPSK/QAM4-11dB-32.jpg,4
QPSK/QAM4-11dB-33.jpg,4
QPSK/QAM4-11dB-34.jpg,4
QPSK/QAM4-11dB-35.jpg,4
QPSK/QAM4-11dB-36.jpg,4
QPSK/QAM4-11dB-37.jpg,4
QPSK/QAM4-11dB-38.jpg,4
QPSK/QAM4-11dB-39.jpg,4
QPSK/QAM4-11dB-4.jpg,4
QPSK/QAM4-11dB-40.jpg,4
QPSK/QAM4-11dB-41.jpg,4
QPSK/QAM4-11dB-42.jpg,4
QPSK/QAM4-11dB-43.jpg,4
QPSK/QAM4-11dB-44.jpg,4
QPSK/QAM4-11dB-45.jpg,4
QPSK/QAM4-11dB-46.jpg,4
QPSK/QAM4-11dB-47.jpg,4
QPSK/QAM4-11dB-48.jpg,4
QPSK/QAM4-11dB-49.jpg,4
QPSK/QAM4-11dB-5.jpg,4
QPSK/QAM4-11dB-50.jpg,4
QPSK/QAM4-11dB-51.jpg,4
QPSK/QAM4-11dB-52.jpg,4
QPSK/QAM4-11dB-53.jpg,4
QPSK/QAM4-11dB-54.jpg,4
QPSK/QAM4-11dB-55.jpg,4
QPSK/QAM4-11dB-56.jpg,4
QPSK/QAM4-11dB-57.jpg,4
QPSK/QAM4-11dB-58.jpg,4
QPSK/QAM4-11dB-59.jpg,4
QPSK/QAM4-11dB-6.jpg,4
QPSK/QAM4-11dB-60.jpg,4
QPSK/QAM4-11dB-61.jpg,4
QPSK/QAM4-11dB-62.jpg,4
QPSK/QAM4-11dB-63.jpg,4
QPSK/QAM4-11dB-64.jpg,4
QPSK/QAM4-11dB-65.jpg,4
QPSK/QAM4-11dB-66.jpg,4
QPSK/QAM4-11dB-67.jpg,4
QPSK/QAM4-11dB-68.jpg,4
QPSK/QAM4-11dB-69.jpg,4
QPSK/QAM4-11dB-7.jpg,4
QPSK/QAM4-11dB-70.jpg,4
QPSK/QAM4-11dB-71.jpg,4
QPSK/QAM4-11dB-72.jpg,4
QPSK/QAM4-11dB-73.jpg,4
QPSK/QAM4-11dB-74.jpg,4
QPSK/QAM4-11dB-75.jpg,4
QPSK/QAM4-11dB-8.jpg,4
QPSK/QAM4-11dB-9.jpg,4
QPSK/QAM4-12dB-1.jpg,4
QPSK/QAM4-12dB-10.jpg,4
QPSK/QAM4-12dB-11.jpg,4
QPSK/QAM4-12dB-12.jpg,4
QPSK/QAM4-12dB-13.jpg,4
QPSK/QAM4-12dB-14.jpg,4
QPSK/QAM4-12dB-15.jpg,4
QPSK/QAM4-12dB-16.jpg,4
QPSK/QAM4-12dB-17.jpg,4
QPSK/QAM4-12dB-18.jpg,4
QPSK/QAM4-12dB-19.jpg,4
QPSK/QAM4-12dB-2.jpg,4
QPSK/QAM4-12dB-20.jpg,4
QPSK/QAM4-12dB-21.jpg,4
QPSK/QAM4-12dB-22.jpg,4
QPSK/QAM4-12dB-23.jpg,4
QPSK/QAM4-12dB-24.jpg,4
QPSK/QAM4-12dB-25.jpg,4
QPSK/QAM4-12dB-26.jpg,4
QPSK/QAM4-12dB-27.jpg,4
QPSK/QAM4-12dB-28.jpg,4
QPSK/QAM4-12dB-29.jpg,4
QPSK/QAM4-12dB-3.jpg,4
QPSK/QAM4-12dB-30.jpg,4
QPSK/QAM4-12dB-31.jpg,4
QPSK/QAM4-12dB-32.jpg,4
QPSK/QAM4-12dB-33.jpg,4
QPSK/QAM4-12dB-34.jpg,4
QPSK/QAM4-12dB-35.jpg,4
QPSK/QAM4-12dB-36.jpg,4
QPSK/QAM4-12dB-37.jpg,4
QPSK/QAM4-12dB-38.jpg,4
QPSK/QAM4-12dB-39.jpg,4
QPSK/QAM4-12dB-4.jpg,4
QPSK/QAM4-12dB-40.jpg,4
QPSK/QAM4-12dB-41.jpg,4
QPSK/QAM4-12dB-42.jpg,4
QPSK/QAM4-12dB-43.jpg,4
QPSK/QAM4-12dB-44.jpg,4
QPSK/QAM4-12dB-45.jpg,4
QPSK/QAM4-12dB-46.jpg,4
QPSK/QAM4-12dB-47.jpg,4
QPSK/QAM4-12dB-48.jpg,4
QPSK/QAM4-12dB-49.jpg,4
QPSK/QAM4-12dB-5.jpg,4
QPSK/QAM4-12dB-50.jpg,4
QPSK/QAM4-12dB-51.jpg,4
QPSK/QAM4-12dB-52.jpg,4
QPSK/QAM4-12dB-53.jpg,4
QPSK/QAM4-12dB-54.jpg,4
QPSK/QAM4-12dB-55.jpg,4
QPSK/QAM4-12dB-56.jpg,4
QPSK/QAM4-12dB-57.jpg,4
QPSK/QAM4-12dB-58.jpg,4
QPSK/QAM4-12dB-59.jpg,4
QPSK/QAM4-12dB-6.jpg,4
QPSK/QAM4-12dB-60.jpg,4
QPSK/QAM4-12dB-61.jpg,4
QPSK/QAM4-12dB-62.jpg,4
QPSK/QAM4-12dB-63.jpg,4
QPSK/QAM4-12dB-64.jpg,4
QPSK/QAM4-12dB-65.jpg,4
QPSK/QAM4-12dB-66.jpg,4
QPSK/QAM4-12dB-67.jpg,4
QPSK/QAM4-12dB-68.jpg,4
QPSK/QAM4-12dB-69.jpg,4
QPSK/QAM4-12dB-7.jpg,4
QPSK/QAM4-12dB-70.jpg,4
QPSK/QAM4-12dB-71.jpg,4
QPSK/QAM4-12dB-72.jpg,4
QPSK/QAM4-12dB-73.jpg,4
QPSK/QAM4-12dB-74.jpg,4
QPSK/QAM4-12dB-75.jpg,4
QPSK/QAM4-12dB-8.jpg,4
QPSK/QAM4-12dB-9.jpg,4
QPSK/QAM4-13dB-1.jpg,4
QPSK/QAM4-13dB-10.jpg,4
QPSK/QAM4-13dB-11.jpg,4
QPSK/QAM4-13dB-12.jpg,4
QPSK/QAM4-13dB-13.jpg,4
QPSK/QAM4-13dB-14.jpg,4
QPSK/QAM4-13dB-15.jpg,4
QPSK/QAM4-13dB-16.jpg,4
QPSK/QAM4-13dB-17.jpg,4
QPSK/QAM4-13dB-18.jpg,4
QPSK/QAM4-13dB-19.jpg,4
QPSK/QAM4-13dB-2.jpg,4
QPSK/QAM4-13dB-20.jpg,4
QPSK/QAM4-13dB-21.jpg,4
QPSK/QAM4-13dB-22.jpg,4
QPSK/QAM4-13dB-23.jpg,4
QPSK/QAM4-13dB-24.jpg,4
QPSK/QAM4-13dB-25.jpg,4
QPSK/QAM4-13dB-26.jpg,4
QPSK/QAM4-13dB-27.jpg,4
QPSK/QAM4-13dB-28.jpg,4
QPSK/QAM4-13dB-29.jpg,4
QPSK/QAM4-13dB-3.jpg,4
QPSK/QAM4-13dB-30.jpg,4
QPSK/QAM4-13dB-31.jpg,4
QPSK/QAM4-13dB-32.jpg,4
QPSK/QAM4-13dB-33.jpg,4
QPSK/QAM4-13dB-34.jpg,4
QPSK/QAM4-13dB-35.jpg,4
QPSK/QAM4-13dB-36.jpg,4
QPSK/QAM4-13dB-37.jpg,4
QPSK/QAM4-13dB-38.jpg,4
QPSK/QAM4-13dB-39.jpg,4
QPSK/QAM4-13dB-4.jpg,4
QPSK/QAM4-13dB-40.jpg,4
QPSK/QAM4-13dB-41.jpg,4
QPSK/QAM4-13dB-42.jpg,4
QPSK/QAM4-13dB-43.jpg,4
QPSK/QAM4-13dB-44.jpg,4
QPSK/QAM4-13dB-45.jpg,4
QPSK/QAM4-13dB-46.jpg,4
QPSK/QAM4-13dB-47.jpg,4
QPSK/QAM4-13dB-48.jpg,4
QPSK/QAM4-13dB-49.jpg,4
QPSK/QAM4-13dB-5.jpg,4
QPSK/QAM4-13dB-50.jpg,4
QPSK/QAM4-13dB-51.jpg,4
QPSK/QAM4-13dB-52.jpg,4
QPSK/QAM4-13dB-53.jpg,4
QPSK/QAM4-13dB-54.jpg,4
QPSK/QAM4-13dB-55.jpg,4
QPSK/QAM4-13dB-56.jpg,4
QPSK/QAM4-13dB-57.jpg,4
QPSK/QAM4-13dB-58.jpg,4
QPSK/QAM4-13dB-59.jpg,4
QPSK/QAM4-13dB-6.jpg,4
QPSK/QAM4-13dB-60.jpg,4
QPSK/QAM4-13dB-61.jpg,4
QPSK/QAM4-13dB-62.jpg,4
QPSK/QAM4-13dB-63.jpg,4
QPSK/QAM4-13dB-64.jpg,4
QPSK/QAM4-13dB-65.jpg,4
QPSK/QAM4-13dB-66.jpg,4
QPSK/QAM4-13dB-67.jpg,4
QPSK/QAM4-13dB-68.jpg,4
QPSK/QAM4-13dB-69.jpg,4
QPSK/QAM4-13dB-7.jpg,4
QPSK/QAM4-13dB-70.jpg,4
QPSK/QAM4-13dB-71.jpg,4
QPSK/QAM4-13dB-72.jpg,4
QPSK/QAM4-13dB-73.jpg,4
QPSK/QAM4-13dB-74.jpg,4
QPSK/QAM4-13dB-75.jpg,4
QPSK/QAM4-13dB-8.jpg,4
QPSK/QAM4-13dB-9.jpg,4
QPSK/QAM4-14dB-1.jpg,4
QPSK/QAM4-14dB-10.jpg,4
QPSK/QAM4-14dB-11.jpg,4
QPSK/QAM4-14dB-12.jpg,4
QPSK/QAM4-14dB-13.jpg,4
QPSK/QAM4-14dB-14.jpg,4
QPSK/QAM4-14dB-15.jpg,4
QPSK/QAM4-14dB-16.jpg,4
QPSK/QAM4-14dB-17.jpg,4
QPSK/QAM4-14dB-18.jpg,4
QPSK/QAM4-14dB-19.jpg,4
QPSK/QAM4-14dB-2.jpg,4
QPSK/QAM4-14dB-20.jpg,4
QPSK/QAM4-14dB-21.jpg,4
QPSK/QAM4-14dB-22.jpg,4
QPSK/QAM4-14dB-23.jpg,4
QPSK/QAM4-14dB-24.jpg,4
QPSK/QAM4-14dB-25.jpg,4
QPSK/QAM4-14dB-26.jpg,4
QPSK/QAM4-14dB-27.jpg,4
QPSK/QAM4-14dB-28.jpg,4
QPSK/QAM4-14dB-29.jpg,4
QPSK/QAM4-14dB-3.jpg,4
QPSK/QAM4-14dB-30.jpg,4
QPSK/QAM4-14dB-31.jpg,4
QPSK/QAM4-14dB-32.jpg,4
QPSK/QAM4-14dB-33.jpg,4
QPSK/QAM4-14dB-34.jpg,4
QPSK/QAM4-14dB-35.jpg,4
QPSK/QAM4-14dB-36.jpg,4
QPSK/QAM4-14dB-37.jpg,4
QPSK/QAM4-14dB-38.jpg,4
QPSK/QAM4-14dB-39.jpg,4
QPSK/QAM4-14dB-4.jpg,4
QPSK/QAM4-14dB-40.jpg,4
QPSK/QAM4-14dB-41.jpg,4
QPSK/QAM4-14dB-42.jpg,4
QPSK/QAM4-14dB-43.jpg,4
QPSK/QAM4-14dB-44.jpg,4
QPSK/QAM4-14dB-45.jpg,4
QPSK/QAM4-14dB-46.jpg,4
QPSK/QAM4-14dB-47.jpg,4
QPSK/QAM4-14dB-48.jpg,4
QPSK/QAM4-14dB-49.jpg,4
QPSK/QAM4-14dB-5.jpg,4
QPSK/QAM4-14dB-50.jpg,4
QPSK/QAM4-14dB-51.jpg,4
QPSK/QAM4-14dB-52.jpg,4
QPSK/QAM4-14dB-53.jpg,4
QPSK/QAM4-14dB-54.jpg,4
QPSK/QAM4-14dB-55.jpg,4
QPSK/QAM4-14dB-56.jpg,4
QPSK/QAM4-14dB-57.jpg,4
QPSK/QAM4-14dB-58.jpg,4
QPSK/QAM4-14dB-59.jpg,4
QPSK/QAM4-14dB-6.jpg,4
QPSK/QAM4-14dB-60.jpg,4
QPSK/QAM4-14dB-61.jpg,4
QPSK/QAM4-14dB-62.jpg,4
QPSK/QAM4-14dB-63.jpg,4
QPSK/QAM4-14dB-64.jpg,4
QPSK/QAM4-14dB-65.jpg,4
QPSK/QAM4-14dB-66.jpg,4
QPSK/QAM4-14dB-67.jpg,4
QPSK/QAM4-14dB-68.jpg,4
QPSK/QAM4-14dB-69.jpg,4
QPSK/QAM4-14dB-7.jpg,4
QPSK/QAM4-14dB-70.jpg,4
QPSK/QAM4-14dB-71.jpg,4
QPSK/QAM4-14dB-72.jpg,4
QPSK/QAM4-14dB-73.jpg,4
QPSK/QAM4-14dB-74.jpg,4
QPSK/QAM4-14dB-75.jpg,4
QPSK/QAM4-14dB-8.jpg,4
QPSK/QAM4-14dB-9.jpg,4
QPSK/QAM4-15dB-1.jpg,4
QPSK/QAM4-15dB-10.jpg,4
QPSK/QAM4-15dB-11.jpg,4
QPSK/QAM4-15dB-12.jpg,4
QPSK/QAM4-15dB-13.jpg,4
QPSK/QAM4-15dB-14.jpg,4
QPSK/QAM4-15dB-15.jpg,4
QPSK/QAM4-15dB-16.jpg,4
QPSK/QAM4-15dB-17.jpg,4
QPSK/QAM4-15dB-18.jpg,4
QPSK/QAM4-15dB-19.jpg,4
QPSK/QAM4-15dB-2.jpg,4
QPSK/QAM4-15dB-20.jpg,4
QPSK/QAM4-15dB-21.jpg,4
QPSK/QAM4-15dB-22.jpg,4
QPSK/QAM4-15dB-23.jpg,4
QPSK/QAM4-15dB-24.jpg,4
QPSK/QAM4-15dB-25.jpg,4
QPSK/QAM4-15dB-26.jpg,4
QPSK/QAM4-15dB-27.jpg,4
QPSK/QAM4-15dB-28.jpg,4
QPSK/QAM4-15dB-29.jpg,4
QPSK/QAM4-15dB-3.jpg,4
QPSK/QAM4-15dB-30.jpg,4
QPSK/QAM4-15dB-31.jpg,4
QPSK/QAM4-15dB-32.jpg,4
QPSK/QAM4-15dB-33.jpg,4
QPSK/QAM4-15dB-34.jpg,4
QPSK/QAM4-15dB-35.jpg,4
QPSK/QAM4-15dB-36.jpg,4
QPSK/QAM4-15dB-37.jpg,4
QPSK/QAM4-15dB-38.jpg,4
QPSK/QAM4-15dB-39.jpg,4
QPSK/QAM4-15dB-4.jpg,4
QPSK/QAM4-15dB-40.jpg,4
QPSK/QAM4-15dB-41.jpg,4
QPSK/QAM4-15dB-42.jpg,4
QPSK/QAM4-15dB-43.jpg,4
QPSK/QAM4-15dB-44.jpg,4
QPSK/QAM4-15dB-45.jpg,4
QPSK/QAM4-15dB-46.jpg,4
QPSK/QAM4-15dB-47.jpg,4
QPSK/QAM4-15dB-48.jpg,4
QPSK/QAM4-15dB-49.jpg,4
QPSK/QAM4-15dB-5.jpg,4
QPSK/QAM4-15dB-50.jpg,4
QPSK/QAM4-15dB-51.jpg,4
QPSK/QAM4-15dB-52.jpg,4
QPSK/QAM4-15dB-53.jpg,4
QPSK/QAM4-15dB-54.jpg,4
QPSK/QAM4-15dB-55.jpg,4
QPSK/QAM4-15dB-56.jpg,4
QPSK/QAM4-15dB-57.jpg,4
QPSK/QAM4-15dB-58.jpg,4
QPSK/QAM4-15dB-59.jpg,4
QPSK/QAM4-15dB-6.jpg,4
QPSK/QAM4-15dB-60.jpg,4
QPSK/QAM4-15dB-61.jpg,4
QPSK/QAM4-15dB-62.jpg,4
QPSK/QAM4-15dB-63.jpg,4
QPSK/QAM4-15dB-64.jpg,4
QPSK/QAM4-15dB-65.jpg,4
QPSK/QAM4-15dB-66.jpg,4
QPSK/QAM4-15dB-67.jpg,4
QPSK/QAM4-15dB-68.jpg,4
QPSK/QAM4-15dB-69.jpg,4
QPSK/QAM4-15dB-7.jpg,4
QPSK/QAM4-15dB-70.jpg,4
QPSK/QAM4-15dB-71.jpg,4
QPSK/QAM4-15dB-72.jpg,4
QPSK/QAM4-15dB-73.jpg,4
QPSK/QAM4-15dB-74.jpg,4
QPSK/QAM4-15dB-75.jpg,4
QPSK/QAM4-15dB-8.jpg,4
QPSK/QAM4-15dB-9.jpg,4
QPSK/QAM4-16dB-1.jpg,4
QPSK/QAM4-16dB-10.jpg,4
QPSK/QAM4-16dB-11.jpg,4
QPSK/QAM4-16dB-12.jpg,4
QPSK/QAM4-16dB-13.jpg,4
QPSK/QAM4-16dB-14.jpg,4
QPSK/QAM4-16dB-15.jpg,4
QPSK/QAM4-16dB-16.jpg,4
QPSK/QAM4-16dB-17.jpg,4
QPSK/QAM4-16dB-18.jpg,4
QPSK/QAM4-16dB-19.jpg,4
QPSK/QAM4-16dB-2.jpg,4
QPSK/QAM4-16dB-20.jpg,4
QPSK/QAM4-16dB-21.jpg,4
QPSK/QAM4-16dB-22.jpg,4
QPSK/QAM4-16dB-23.jpg,4
QPSK/QAM4-16dB-24.jpg,4
QPSK/QAM4-16dB-25.jpg,4
QPSK/QAM4-16dB-26.jpg,4
QPSK/QAM4-16dB-27.jpg,4
QPSK/QAM4-16dB-28.jpg,4
QPSK/QAM4-16dB-29.jpg,4
QPSK/QAM4-16dB-3.jpg,4
QPSK/QAM4-16dB-30.jpg,4
QPSK/QAM4-16dB-31.jpg,4
QPSK/QAM4-16dB-32.jpg,4
QPSK/QAM4-16dB-33.jpg,4
QPSK/QAM4-16dB-34.jpg,4
QPSK/QAM4-16dB-35.jpg,4
QPSK/QAM4-16dB-36.jpg,4
QPSK/QAM4-16dB-37.jpg,4
QPSK/QAM4-16dB-38.jpg,4
QPSK/QAM4-16dB-39.jpg,4
QPSK/QAM4-16dB-4.jpg,4
QPSK/QAM4-16dB-40.jpg,4
QPSK/QAM4-16dB-41.jpg,4
QPSK/QAM4-16dB-42.jpg,4
QPSK/QAM4-16dB-43.jpg,4
QPSK/QAM4-16dB-44.jpg,4
QPSK/QAM4-16dB-45.jpg,4
QPSK/QAM4-16dB-46.jpg,4
QPSK/QAM4-16dB-47.jpg,4
QPSK/QAM4-16dB-48.jpg,4
QPSK/QAM4-16dB-49.jpg,4
QPSK/QAM4-16dB-5.jpg,4
QPSK/QAM4-16dB-50.jpg,4
QPSK/QAM4-16dB-51.jpg,4
QPSK/QAM4-16dB-52.jpg,4
QPSK/QAM4-16dB-53.jpg,4
QPSK/QAM4-16dB-54.jpg,4
QPSK/QAM4-16dB-55.jpg,4
QPSK/QAM4-16dB-56.jpg,4
QPSK/QAM4-16dB-57.jpg,4
QPSK/QAM4-16dB-58.jpg,4
QPSK/QAM4-16dB-59.jpg,4
QPSK/QAM4-16dB-6.jpg,4
QPSK/QAM4-16dB-60.jpg,4
QPSK/QAM4-16dB-61.jpg,4
QPSK/QAM4-16dB-62.jpg,4
QPSK/QAM4-16dB-63.jpg,4
QPSK/QAM4-16dB-64.jpg,4
QPSK/QAM4-16dB-65.jpg,4
QPSK/QAM4-16dB-66.jpg,4
QPSK/QAM4-16dB-67.jpg,4
QPSK/QAM4-16dB-68.jpg,4
QPSK/QAM4-16dB-69.jpg,4
QPSK/QAM4-16dB-7.jpg,4
QPSK/QAM4-16dB-70.jpg,4
QPSK/QAM4-16dB-71.jpg,4
QPSK/QAM4-16dB-72.jpg,4
QPSK/QAM4-16dB-73.jpg,4
QPSK/QAM4-16dB-74.jpg,4
QPSK/QAM4-16dB-75.jpg,4
QPSK/QAM4-16dB-8.jpg,4
QPSK/QAM4-16dB-9.jpg,4
QPSK/QAM4-17dB-1.jpg,4
QPSK/QAM4-17dB-10.jpg,4
QPSK/QAM4-17dB-11.jpg,4
QPSK/QAM4-17dB-12.jpg,4
QPSK/QAM4-17dB-13.jpg,4
QPSK/QAM4-17dB-14.jpg,4
QPSK/QAM4-17dB-15.jpg,4
QPSK/QAM4-17dB-16.jpg,4
QPSK/QAM4-17dB-17.jpg,4
QPSK/QAM4-17dB-18.jpg,4
QPSK/QAM4-17dB-19.jpg,4
QPSK/QAM4-17dB-2.jpg,4
QPSK/QAM4-17dB-20.jpg,4
QPSK/QAM4-17dB-21.jpg,4
QPSK/QAM4-17dB-22.jpg,4
QPSK/QAM4-17dB-23.jpg,4
QPSK/QAM4-17dB-24.jpg,4
QPSK/QAM4-17dB-25.jpg,4
QPSK/QAM4-17dB-26.jpg,4
QPSK/QAM4-17dB-27.jpg,4
QPSK/QAM4-17dB-28.jpg,4
QPSK/QAM4-17dB-29.jpg,4
QPSK/QAM4-17dB-3.jpg,4
QPSK/QAM4-17dB-30.jpg,4
QPSK/QAM4-17dB-31.jpg,4
QPSK/QAM4-17dB-32.jpg,4
QPSK/QAM4-17dB-33.jpg,4
QPSK/QAM4-17dB-34.jpg,4
QPSK/QAM4-17dB-35.jpg,4
QPSK/QAM4-17dB-36.jpg,4
QPSK/QAM4-17dB-37.jpg,4
QPSK/QAM4-17dB-38.jpg,4
QPSK/QAM4-17dB-39.jpg,4
QPSK/QAM4-17dB-4.jpg,4
QPSK/QAM4-17dB-40.jpg,4
QPSK/QAM4-17dB-41.jpg,4
QPSK/QAM4-17dB-42.jpg,4
QPSK/QAM4-17dB-43.jpg,4
QPSK/QAM4-17dB-44.jpg,4
QPSK/QAM4-17dB-45.jpg,4
QPSK/QAM4-17dB-46.jpg,4
QPSK/QAM4-17dB-47.jpg,4
QPSK/QAM4-17dB-48.jpg,4
QPSK/QAM4-17dB-49.jpg,4
QPSK/QAM4-17dB-5.jpg,4
QPSK/QAM4-17dB-50.jpg,4
QPSK/QAM4-17dB-51.jpg,4
QPSK/QAM4-17dB-52.jpg,4
QPSK/QAM4-17dB-53.jpg,4
QPSK/QAM4-17dB-54.jpg,4
QPSK/QAM4-17dB-55.jpg,4
QPSK/QAM4-17dB-56.jpg,4
QPSK/QAM4-17dB-57.jpg,4
QPSK/QAM4-17dB-58.jpg,4
QPSK/QAM4-17dB-59.jpg,4
QPSK/QAM4-17dB-6.jpg,4
QPSK/QAM4-17dB-60.jpg,4
QPSK/QAM4-17dB-61.jpg,4
QPSK/QAM4-17dB-62.jpg,4
QPSK/QAM4-17dB-63.jpg,4
QPSK/QAM4-17dB-64.jpg,4
QPSK/QAM4-17dB-65.jpg,4
QPSK/QAM4-17dB-66.jpg,4
QPSK/QAM4-17dB-67.jpg,4
QPSK/QAM4-17dB-68.jpg,4
QPSK/QAM4-17dB-69.jpg,4
QPSK/QAM4-17dB-7.jpg,4
QPSK/QAM4-17dB-70.jpg,4
QPSK/QAM4-17dB-71.jpg,4
QPSK/QAM4-17dB-72.jpg,4
QPSK/QAM4-17dB-73.jpg,4
QPSK/QAM4-17dB-74.jpg,4
QPSK/QAM4-17dB-75.jpg,4
QPSK/QAM4-17dB-8.jpg,4
QPSK/QAM4-17dB-9.jpg,4
QPSK/QAM4-8dB-1.jpg,4
QPSK/QAM4-8dB-10.jpg,4
QPSK/QAM4-8dB-11.jpg,4
QPSK/QAM4-8dB-12.jpg,4
QPSK/QAM4-8dB-13.jpg,4
QPSK/QAM4-8dB-14.jpg,4
QPSK/QAM4-8dB-15.jpg,4
QPSK/QAM4-8dB-16.jpg,4
QPSK/QAM4-8dB-17.jpg,4
QPSK/QAM4-8dB-18.jpg,4
QPSK/QAM4-8dB-19.jpg,4
QPSK/QAM4-8dB-2.jpg,4
QPSK/QAM4-8dB-20.jpg,4
QPSK/QAM4-8dB-21.jpg,4
QPSK/QAM4-8dB-22.jpg,4
QPSK/QAM4-8dB-23.jpg,4
QPSK/QAM4-8dB-24.jpg,4
QPSK/QAM4-8dB-25.jpg,4
QPSK/QAM4-8dB-26.jpg,4
QPSK/QAM4-8dB-27.jpg,4
QPSK/QAM4-8dB-28.jpg,4
QPSK/QAM4-8dB-29.jpg,4
QPSK/QAM4-8dB-3.jpg,4
QPSK/QAM4-8dB-30.jpg,4
QPSK/QAM4-8dB-31.jpg,4
QPSK/QAM4-8dB-32.jpg,4
QPSK/QAM4-8dB-33.jpg,4
QPSK/QAM4-8dB-34.jpg,4
QPSK/QAM4-8dB-35.jpg,4
QPSK/QAM4-8dB-36.jpg,4
QPSK/QAM4-8dB-37.jpg,4
QPSK/QAM4-8dB-38.jpg,4
QPSK/QAM4-8dB-39.jpg,4
QPSK/QAM4-8dB-4.jpg,4
QPSK/QAM4-8dB-40.jpg,4
QPSK/QAM4-8dB-41.jpg,4
QPSK/QAM4-8dB-42.jpg,4
QPSK/QAM4-8dB-43.jpg,4
QPSK/QAM4-8dB-44.jpg,4
QPSK/QAM4-8dB-45.jpg,4
QPSK/QAM4-8dB-46.jpg,4
QPSK/QAM4-8dB-47.jpg,4
QPSK/QAM4-8dB-48.jpg,4
QPSK/QAM4-8dB-49.jpg,4
QPSK/QAM4-8dB-5.jpg,4
QPSK/QAM4-8dB-50.jpg,4
QPSK/QAM4-8dB-51.jpg,4
QPSK/QAM4-8dB-52.jpg,4
QPSK/QAM4-8dB-53.jpg,4
QPSK/QAM4-8dB-54.jpg,4
QPSK/QAM4-8dB-55.jpg,4
QPSK/QAM4-8dB-56.jpg,4
QPSK/QAM4-8dB-57.jpg,4
QPSK/QAM4-8dB-58.jpg,4
QPSK/QAM4-8dB-59.jpg,4
QPSK/QAM4-8dB-6.jpg,4
QPSK/QAM4-8dB-60.jpg,4
QPSK/QAM4-8dB-61.jpg,4
QPSK/QAM4-8dB-62.jpg,4
QPSK/QAM4-8dB-63.jpg,4
QPSK/QAM4-8dB-64.jpg,4
QPSK/QAM4-8dB-65.jpg,4
QPSK/QAM4-8dB-66.jpg,4
QPSK/QAM4-8dB-67.jpg,4
QPSK/QAM4-8dB-68.jpg,4
QPSK/QAM4-8dB-69.jpg,4
QPSK/QAM4-8dB-7.jpg,4
QPSK/QAM4-8dB-70.jpg,4
QPSK/QAM4-8dB-71.jpg,4
QPSK/QAM4-8dB-72.jpg,4
QPSK/QAM4-8dB-73.jpg,4
QPSK/QAM4-8dB-74.jpg,4
QPSK/QAM4-8dB-75.jpg,4
QPSK/QAM4-8dB-8.jpg,4
QPSK/QAM4-8dB-9.jpg,4
QPSK/QAM4-9dB-1.jpg,4
QPSK/QAM4-9dB-10.jpg,4
QPSK/QAM4-9dB-11.jpg,4
QPSK/QAM4-9dB-12.jpg,4
QPSK/QAM4-9dB-13.jpg,4
QPSK/QAM4-9dB-14.jpg,4
QPSK/QAM4-9dB-15.jpg,4
QPSK/QAM4-9dB-16.jpg,4
QPSK/QAM4-9dB-17.jpg,4
QPSK/QAM4-9dB-18.jpg,4
QPSK/QAM4-9dB-19.jpg,4
QPSK/QAM4-9dB-2.jpg,4
QPSK/QAM4-9dB-20.jpg,4
QPSK/QAM4-9dB-21.jpg,4
QPSK/QAM4-9dB-22.jpg,4
QPSK/QAM4-9dB-23.jpg,4
QPSK/QAM4-9dB-24.jpg,4
QPSK/QAM4-9dB-25.jpg,4
QPSK/QAM4-9dB-26.jpg,4
QPSK/QAM4-9dB-27.jpg,4
QPSK/QAM4-9dB-28.jpg,4
QPSK/QAM4-9dB-29.jpg,4
QPSK/QAM4-9dB-3.jpg,4
QPSK/QAM4-9dB-30.jpg,4
QPSK/QAM4-9dB-31.jpg,4
QPSK/QAM4-9dB-32.jpg,4
QPSK/QAM4-9dB-33.jpg,4
QPSK/QAM4-9dB-34.jpg,4
QPSK/QAM4-9dB-35.jpg,4
QPSK/QAM4-9dB-36.jpg,4
QPSK/QAM4-9dB-37.jpg,4
QPSK/QAM4-9dB-38.jpg,4
QPSK/QAM4-9dB-39.jpg,4
QPSK/QAM4-9dB-4.jpg,4
QPSK/QAM4-9dB-40.jpg,4
QPSK/QAM4-9dB-41.jpg,4
QPSK/QAM4-9dB-42.jpg,4
QPSK/QAM4-9dB-43.jpg,4
QPSK/QAM4-9dB-44.jpg,4
QPSK/QAM4-9dB-45.jpg,4
QPSK/QAM4-9dB-46.jpg,4
QPSK/QAM4-9dB-47.jpg,4
QPSK/QAM4-9dB-48.jpg,4
QPSK/QAM4-9dB-49.jpg,4
QPSK/QAM4-9dB-5.jpg,4
QPSK/QAM4-9dB-50.jpg,4
QPSK/QAM4-9dB-51.jpg,4
QPSK/QAM4-9dB-52.jpg,4
QPSK/QAM4-9dB-53.jpg,4
QPSK/QAM4-9dB-54.jpg,4
QPSK/QAM4-9dB-55.jpg,4
QPSK/QAM4-9dB-56.jpg,4
QPSK/QAM4-9dB-57.jpg,4
QPSK/QAM4-9dB-58.jpg,4
QPSK/QAM4-9dB-59.jpg,4
QPSK/QAM4-9dB-6.jpg,4
QPSK/QAM4-9dB-60.jpg,4
QPSK/QAM4-9dB-61.jpg,4
QPSK/QAM4-9dB-62.jpg,4
QPSK/QAM4-9dB-63.jpg,4
QPSK/QAM4-9dB-64.jpg,4
QPSK/QAM4-9dB-65.jpg,4
QPSK/QAM4-9dB-66.jpg,4
QPSK/QAM4-9dB-67.jpg,4
QPSK/QAM4-9dB-68.jpg,4
QPSK/QAM4-9dB-69.jpg,4
QPSK/QAM4-9dB-7.jpg,4
QPSK/QAM4-9dB-70.jpg,4
QPSK/QAM4-9dB-71.jpg,4
QPSK/QAM4-9dB-72.jpg,4
QPSK/QAM4-9dB-73.jpg,4
QPSK/QAM4-9dB-74.jpg,4
QPSK/QAM4-9dB-75.jpg,4
QPSK/QAM4-9dB-8.jpg,4
QPSK/QAM4-9dB-9.jpg,4
